AccountID,AccountName,Industry,Country,ARR,Employees
A0001,Company1,Tech,US,2139,133646
A0002,Company2,Finance,UK,3918,693244
A0003,Company3,Finance,Netherlands,818,521554
A0004,Company4,Tech,UK,3595,646944
A0005,Company5,Tech,UK,2231,766589
A0006,Company6,Tech,US,2650,42075
A0007,Company7,Tech,US,4485,19652
A0008,Company8,Finance,Netherlands,3507,771111
A0009,Company9,Tech,Netherlands,3637,994787
A0010,Company10,Finance,Netherlands,2881,252081
A0011,Company11,Retail,Netherlands,3815,313858
A0012,Company12,Tech,UK,4608,976984
A0013,Company13,Retail,US,1572,669924
A0014,Company14,Retail,Germany,1040,789245
A0015,Company15,Finance,UK,4209,880355
A0016,Company16,Retail,Netherlands,2535,307962
A0017,Company17,Retail,UK,4189,422461
A0018,Company18,Retail,US,3984,264531
A0019,Company19,Retail,UK,3444,707034
A0020,Company20,Tech,Germany,4545,935611
A0021,Company21,Retail,Germany,758,470284
A0022,Company22,Retail,US,1391,556243
A0023,Company23,Finance,Germany,4061,778360
A0024,Company24,Tech,UK,406,333516
A0025,Company25,Retail,UK,1445,186783
A0026,Company26,Retail,Netherlands,150,817952
A0027,Company27,Tech,Netherlands,3363,548728
A0028,Company28,Finance,Germany,3811,963947
A0029,Company29,Finance,US,3193,831722
A0030,Company30,Retail,Netherlands,4299,825160
A0031,Company31,Retail,Netherlands,3540,68849
A0032,Company32,Finance,Germany,4719,591331
A0033,Company33,Tech,UK,4022,862860
A0034,Company34,Finance,UK,2885,11661
A0035,Company35,Retail,Germany,3803,638993
A0036,Company36,Tech,Netherlands,1501,587509
A0037,Company37,Retail,Netherlands,800,847223
A0038,Company38,Retail,Germany,315,892633
A0039,Company39,Retail,US,731,920245
A0040,Company40,Tech,UK,169,800778
A0041,Company41,Finance,Netherlands,2250,124807
A0042,Company42,Retail,Netherlands,2871,314385
A0043,Company43,Tech,Netherlands,1357,277613
A0044,Company44,Retail,Netherlands,2285,689689
A0045,Company45,Retail,Germany,3774,746756
A0046,Company46,Finance,UK,3931,129737
A0047,Company47,Tech,Germany,3216,370020
A0048,Company48,Finance,Netherlands,2166,124044
A0049,Company49,Finance,Netherlands,3586,866728
A0050,Company50,Tech,Netherlands,196,426615
A0051,Company51,Tech,US,1362,477317
A0052,Company52,Retail,UK,4512,882672
A0053,Company53,Tech,UK,1878,559344
A0054,Company54,Retail,US,3285,717686
A0055,Company55,Retail,Germany,3542,71640
A0056,Company56,Retail,Germany,1079,232436
A0057,Company57,Tech,Germany,629,910217
A0058,Company58,Tech,Germany,2490,789974
A0059,Company59,Tech,UK,4677,274616
A0060,Company60,Tech,US,4643,931402
A0061,Company61,Tech,Netherlands,4721,493238
A0062,Company62,Tech,US,3146,220142
A0063,Company63,Finance,US,1735,611235
A0064,Company64,Retail,UK,4894,213548
A0065,Company65,Finance,US,3245,320454
A0066,Company66,Retail,UK,190,351149
A0067,Company67,Retail,UK,2354,28971
A0068,Company68,Tech,Netherlands,2734,860540
A0069,Company69,Retail,Netherlands,2827,460091
A0070,Company70,Tech,Germany,839,888393
A0071,Company71,Finance,Germany,4427,518033
A0072,Company72,Retail,Netherlands,585,770705
A0073,Company73,Tech,US,1139,187937
A0074,Company74,Tech,Netherlands,2245,805991
A0075,Company75,Finance,Germany,3065,365311
A0076,Company76,Finance,US,2435,256614
A0077,Company77,Retail,UK,1158,618129
A0078,Company78,Retail,US,2677,51038
A0079,Company79,Finance,US,3164,918243
A0080,Company80,Tech,Netherlands,2842,130260
A0081,Company81,Retail,UK,677,608507
A0082,Company82,Retail,Netherlands,4686,95714
A0083,Company83,Finance,Germany,2471,601865
A0084,Company84,Retail,US,3800,950320
A0085,Company85,Finance,US,424,877977
A0086,Company86,Finance,US,169,106136
A0087,Company87,Finance,US,377,207050
A0088,Company88,Tech,UK,1377,131171
A0089,Company89,Finance,Netherlands,2027,176665
A0090,Company90,Retail,US,3614,965005
A0091,Company91,Finance,Germany,4557,275719
A0092,Company92,Retail,UK,2626,114993
A0093,Company93,Tech,Germany,374,38586
A0094,Company94,Tech,Germany,4937,345807
A0095,Company95,Finance,UK,2616,427915
A0096,Company96,Tech,US,2649,640662
A0097,Company97,Finance,US,2098,235646
A0098,Company98,Retail,UK,2964,281671
A0099,Company99,Tech,Netherlands,2567,218893
A0100,Company100,Tech,Germany,716,869808
A0101,Company101,Finance,US,3719,104884
A0102,Company102,Retail,Germany,1913,419446
A0103,Company103,Finance,US,2730,205887
A0104,Company104,Finance,Germany,2063,360573
A0105,Company105,Tech,US,2057,240849
A0106,Company106,Tech,Netherlands,3341,85840
A0107,Company107,Finance,US,665,32559
A0108,Company108,Retail,US,2432,797196
A0109,Company109,Finance,UK,3890,914553
A0110,Company110,Tech,US,4157,825525
A0111,Company111,Finance,US,4221,707562
A0112,Company112,Tech,Netherlands,1275,158413
A0113,Company113,Finance,Germany,925,753780
A0114,Company114,Retail,Germany,1084,947174
A0115,Company115,Tech,Netherlands,4518,964709
A0116,Company116,Retail,US,2639,870912
A0117,Company117,Retail,Netherlands,1509,323447
A0118,Company118,Finance,Netherlands,447,759547
A0119,Company119,Retail,Netherlands,2119,825557
A0120,Company120,Tech,UK,3573,585951
A0121,Company121,Finance,UK,4457,485329
A0122,Company122,Tech,UK,2824,189849
A0123,Company123,Finance,UK,249,841591
A0124,Company124,Retail,UK,4724,29829
A0125,Company125,Tech,Germany,4801,155001
A0126,Company126,Retail,Netherlands,1184,281699
A0127,Company127,Finance,UK,4670,430565
A0128,Company128,Tech,US,1963,519604
A0129,Company129,Tech,Netherlands,4381,342651
A0130,Company130,Retail,UK,1899,259953
A0131,Company131,Finance,UK,3972,245994
A0132,Company132,Retail,UK,2810,597629
A0133,Company133,Retail,Germany,1847,60538
A0134,Company134,Tech,Germany,1356,546484
A0135,Company135,Tech,Germany,2497,736198
A0136,Company136,Finance,Germany,1403,745348
A0137,Company137,Retail,UK,4920,99100
A0138,Company138,Tech,UK,1494,173346
A0139,Company139,Finance,UK,1832,997436
A0140,Company140,Retail,US,4105,724747
A0141,Company141,Finance,Germany,3195,550075
A0142,Company142,Tech,US,4344,104793
A0143,Company143,Finance,US,2241,782703
A0144,Company144,Tech,Netherlands,721,476677
A0145,Company145,Tech,UK,3596,426536
A0146,Company146,Tech,Germany,3639,142466
A0147,Company147,Retail,UK,1786,134976
A0148,Company148,Finance,UK,1017,702594
A0149,Company149,Finance,Germany,2083,407252
A0150,Company150,Retail,US,1605,564028
A0151,Company151,Finance,US,302,668009
A0152,Company152,Retail,Netherlands,2183,226641
A0153,Company153,Tech,Germany,1265,578684
A0154,Company154,Tech,Germany,2598,624190
A0155,Company155,Finance,UK,1426,581869
A0156,Company156,Finance,UK,3490,907264
A0157,Company157,Tech,Netherlands,4723,931624
A0158,Company158,Finance,Netherlands,2376,859935
A0159,Company159,Tech,US,1017,606963
A0160,Company160,Retail,US,4516,320811
A0161,Company161,Retail,Netherlands,665,534677
A0162,Company162,Finance,Germany,3631,537467
A0163,Company163,Retail,Germany,4378,349411
A0164,Company164,Tech,US,3673,762843
A0165,Company165,Finance,Germany,2546,575492
A0166,Company166,Finance,Germany,4731,526213
A0167,Company167,Tech,UK,3182,223819
A0168,Company168,Retail,US,2324,676404
A0169,Company169,Retail,Netherlands,3831,640018
A0170,Company170,Retail,UK,2551,747035
A0171,Company171,Tech,UK,4399,216948
A0172,Company172,Finance,US,3238,617488
A0173,Company173,Finance,UK,2802,913081
A0174,Company174,Retail,US,4086,791994
A0175,Company175,Tech,Germany,220,436769
A0176,Company176,Retail,Netherlands,3304,830483
A0177,Company177,Finance,Netherlands,651,864931
A0178,Company178,Retail,US,2912,966993
A0179,Company179,Finance,UK,4508,328419
A0180,Company180,Tech,UK,2174,518080
A0181,Company181,Tech,UK,4230,57592
A0182,Company182,Finance,US,4888,453125
A0183,Company183,Tech,Germany,598,698750
A0184,Company184,Finance,US,1394,541799
A0185,Company185,Retail,Netherlands,812,431447
A0186,Company186,Retail,Germany,2543,229036
A0187,Company187,Retail,Netherlands,1993,939064
A0188,Company188,Finance,Germany,611,88522
A0189,Company189,Retail,Germany,3883,546366
A0190,Company190,Retail,US,1430,321297
A0191,Company191,Retail,Germany,2965,649281
A0192,Company192,Retail,Netherlands,3265,598297
A0193,Company193,Finance,Netherlands,4011,838131
A0194,Company194,Finance,Germany,1871,281337
A0195,Company195,Retail,Netherlands,300,903147
A0196,Company196,Retail,UK,2643,983076
A0197,Company197,Finance,Netherlands,2254,209125
A0198,Company198,Tech,Netherlands,4794,475123
A0199,Company199,Retail,Netherlands,2196,491706
A0200,Company200,Retail,Netherlands,1185,826277
A0201,Company201,Tech,UK,3008,334808
A0202,Company202,Finance,Netherlands,998,763043
A0203,Company203,Tech,Germany,608,121553
A0204,Company204,Tech,UK,2682,526278
A0205,Company205,Tech,Netherlands,418,68031
A0206,Company206,Retail,US,1824,726491
A0207,Company207,Tech,UK,4379,864495
A0208,Company208,Retail,UK,2855,705127
A0209,Company209,Finance,US,1464,109856
A0210,Company210,Tech,UK,1960,529069
A0211,Company211,Finance,UK,1431,252973
A0212,Company212,Tech,Germany,3839,583591
A0213,Company213,Retail,UK,1785,483638
A0214,Company214,Retail,Germany,2754,530442
A0215,Company215,Retail,US,1801,92682
A0216,Company216,Tech,US,92,909246
A0217,Company217,Finance,Germany,3188,899101
A0218,Company218,Retail,Germany,1654,429355
A0219,Company219,Tech,Netherlands,299,25918
A0220,Company220,Finance,Netherlands,4494,69894
A0221,Company221,Retail,UK,2132,146292
A0222,Company222,Tech,UK,2535,960098
A0223,Company223,Tech,US,4448,73807
A0224,Company224,Retail,Netherlands,400,988720
A0225,Company225,Finance,US,3593,105459
A0226,Company226,Tech,US,4143,678480
A0227,Company227,Tech,Germany,1622,705222
A0228,Company228,Finance,UK,2751,671717
A0229,Company229,Finance,Germany,2041,267347
A0230,Company230,Tech,Netherlands,2914,459287
A0231,Company231,Retail,US,2943,583493
A0232,Company232,Finance,Netherlands,4444,454721
A0233,Company233,Retail,US,2238,789388
A0234,Company234,Retail,US,2110,196204
A0235,Company235,Tech,Netherlands,530,973271
A0236,Company236,Tech,UK,417,65376
A0237,Company237,Retail,US,4251,501957
A0238,Company238,Retail,Germany,863,337876
A0239,Company239,Tech,Netherlands,4403,44798
A0240,Company240,Finance,Netherlands,3287,810485
A0241,Company241,Retail,UK,251,782407
A0242,Company242,Retail,Germany,790,272152
A0243,Company243,Finance,US,2522,45854
A0244,Company244,Finance,US,2188,338421
A0245,Company245,Retail,Netherlands,2182,843169
A0246,Company246,Finance,US,2538,108627
A0247,Company247,Finance,Netherlands,4168,594242
A0248,Company248,Tech,Germany,2824,544060
A0249,Company249,Finance,UK,907,146024
A0250,Company250,Retail,UK,4340,595782
A0251,Company251,Retail,US,2436,789279
A0252,Company252,Tech,Netherlands,3083,418146
A0253,Company253,Retail,Germany,847,439394
A0254,Company254,Finance,Netherlands,4759,78013
A0255,Company255,Tech,Germany,4421,338886
A0256,Company256,Finance,Germany,2661,379744
A0257,Company257,Finance,Germany,4310,535396
A0258,Company258,Tech,US,1268,342514
A0259,Company259,Retail,Germany,2733,610949
A0260,Company260,Tech,UK,2340,512999
A0261,Company261,Finance,Germany,3167,865249
A0262,Company262,Tech,US,1152,61093
A0263,Company263,Retail,UK,4765,904539
A0264,Company264,Finance,Netherlands,4750,792918
A0265,Company265,Finance,Germany,3082,432130
A0266,Company266,Finance,UK,4950,366989
A0267,Company267,Retail,Netherlands,288,165561
A0268,Company268,Finance,Netherlands,4660,149887
A0269,Company269,Tech,Netherlands,3417,994818
A0270,Company270,Retail,US,862,582216
A0271,Company271,Retail,Germany,926,224270
A0272,Company272,Finance,US,4729,561946
A0273,Company273,Retail,US,646,842791
A0274,Company274,Tech,Netherlands,4240,913698
A0275,Company275,Finance,US,4886,395985
A0276,Company276,Finance,Germany,1851,944576
A0277,Company277,Tech,UK,1976,456110
A0278,Company278,Finance,Germany,4510,966954
A0279,Company279,Tech,UK,645,863574
A0280,Company280,Finance,UK,1699,18682
A0281,Company281,Retail,UK,4263,928627
A0282,Company282,Finance,US,3357,655759
A0283,Company283,Retail,UK,378,378916
A0284,Company284,Finance,US,1604,323895
A0285,Company285,Retail,US,4480,135875
A0286,Company286,Finance,Germany,4498,686381
A0287,Company287,Retail,Germany,4355,441422
A0288,Company288,Retail,UK,4987,670566
A0289,Company289,Retail,Germany,3757,326575
A0290,Company290,Tech,UK,4852,157143
A0291,Company291,Retail,Netherlands,2120,677591
A0292,Company292,Tech,UK,4685,48010
A0293,Company293,Finance,UK,3344,305231
A0294,Company294,Retail,US,791,980104
A0295,Company295,Tech,US,3190,291936
A0296,Company296,Finance,Germany,3102,676723
A0297,Company297,Retail,UK,2806,417328
A0298,Company298,Finance,US,4012,381716
A0299,Company299,Tech,UK,1264,29045
A0300,Company300,Tech,Germany,3062,909556
A0301,Company301,Tech,Germany,3432,280449
A0302,Company302,Retail,Germany,3496,734902
A0303,Company303,Finance,UK,2801,824741
A0304,Company304,Finance,Netherlands,4075,431427
A0305,Company305,Retail,UK,798,77571
A0306,Company306,Tech,Netherlands,1275,250363
A0307,Company307,Retail,US,895,275524
A0308,Company308,Tech,UK,860,428518
A0309,Company309,Retail,Netherlands,74,103493
A0310,Company310,Finance,US,4552,238880
A0311,Company311,Retail,UK,2890,59319
A0312,Company312,Retail,US,4578,722054
A0313,Company313,Finance,US,2223,727807
A0314,Company314,Finance,Netherlands,3979,854230
A0315,Company315,Retail,US,1804,719683
A0316,Company316,Retail,US,3242,139801
A0317,Company317,Retail,UK,2460,725086
A0318,Company318,Retail,UK,3270,131799
A0319,Company319,Retail,UK,916,166377
A0320,Company320,Finance,Netherlands,1419,556038
A0321,Company321,Finance,UK,4446,312611
A0322,Company322,Finance,Netherlands,2811,912874
A0323,Company323,Finance,US,120,804585
A0324,Company324,Retail,Germany,2241,69180
A0325,Company325,Retail,UK,2506,806765
A0326,Company326,Tech,Netherlands,4211,297901
A0327,Company327,Finance,Netherlands,3422,165542
A0328,Company328,Tech,Germany,1649,437523
A0329,Company329,Retail,US,4414,884979
A0330,Company330,Retail,Netherlands,3439,293285
A0331,Company331,Finance,UK,2555,290029
A0332,Company332,Finance,Netherlands,4135,395545
A0333,Company333,Retail,UK,2029,364832
A0334,Company334,Tech,Netherlands,4805,737891
A0335,Company335,Finance,Netherlands,526,538426
A0336,Company336,Finance,Netherlands,1796,340685
A0337,Company337,Retail,UK,3985,356073
A0338,Company338,Tech,Netherlands,1197,742271
A0339,Company339,Finance,Netherlands,771,676121
A0340,Company340,Retail,US,4662,190442
A0341,Company341,Retail,US,1903,600621
A0342,Company342,Tech,Germany,3509,353556
A0343,Company343,Tech,US,2551,872147
A0344,Company344,Retail,Netherlands,742,789145
A0345,Company345,Tech,Germany,2844,292144
A0346,Company346,Retail,UK,239,137565
A0347,Company347,Finance,Germany,1192,128909
A0348,Company348,Finance,Netherlands,4752,53015
A0349,Company349,Finance,US,802,770143
A0350,Company350,Tech,Germany,2647,271045
A0351,Company351,Finance,US,3013,42684
A0352,Company352,Tech,Netherlands,3321,400130
A0353,Company353,Retail,Netherlands,818,722658
A0354,Company354,Finance,Germany,115,550266
A0355,Company355,Finance,US,2936,978184
A0356,Company356,Retail,Netherlands,2270,434844
A0357,Company357,Tech,UK,4673,449060
A0358,Company358,Retail,UK,2516,951956
A0359,Company359,Tech,Germany,4548,149590
A0360,Company360,Tech,US,1484,262267
A0361,Company361,Tech,UK,2298,582477
A0362,Company362,Tech,Germany,4464,294095
A0363,Company363,Retail,Germany,3926,142197
A0364,Company364,Finance,US,3109,82430
A0365,Company365,Retail,Germany,4512,592470
A0366,Company366,Retail,US,2574,477126
A0367,Company367,Retail,Netherlands,1326,87958
A0368,Company368,Retail,Netherlands,1821,517585
A0369,Company369,Finance,Germany,2444,177528
A0370,Company370,Tech,UK,3652,435344
A0371,Company371,Tech,Netherlands,2259,319636
A0372,Company372,Retail,US,4451,20169
A0373,Company373,Retail,Netherlands,3158,793274
A0374,Company374,Retail,US,3814,41841
A0375,Company375,Finance,UK,2311,988873
A0376,Company376,Finance,UK,3377,645205
A0377,Company377,Finance,US,862,503631
A0378,Company378,Tech,US,394,882168
A0379,Company379,Tech,Netherlands,4395,542758
A0380,Company380,Finance,Germany,4704,963155
A0381,Company381,Retail,Germany,3932,869526
A0382,Company382,Retail,Netherlands,2014,120667
A0383,Company383,Retail,Germany,1349,132057
A0384,Company384,Tech,Germany,3510,932497
A0385,Company385,Retail,Germany,2126,699496
A0386,Company386,Retail,US,3612,445091
A0387,Company387,Finance,Germany,2457,800528
A0388,Company388,Finance,UK,2000,675773
A0389,Company389,Retail,Netherlands,509,368085
A0390,Company390,Retail,US,4252,190564
A0391,Company391,Retail,UK,2843,804270
A0392,Company392,Retail,US,4824,32717
A0393,Company393,Finance,Netherlands,3189,672283
A0394,Company394,Tech,UK,1916,114539
A0395,Company395,Tech,Germany,2745,698511
A0396,Company396,Tech,UK,3909,397501
A0397,Company397,Finance,Netherlands,3588,472007
A0398,Company398,Finance,US,4731,521996
A0399,Company399,Finance,Netherlands,1277,22522
A0400,Company400,Finance,UK,942,847821
A0401,Company401,Tech,US,1548,491083
A0402,Company402,Finance,Germany,1323,171783
A0403,Company403,Retail,US,2135,29699
A0404,Company404,Finance,UK,1920,573852
A0405,Company405,Retail,UK,93,580554
A0406,Company406,Tech,UK,1351,704438
A0407,Company407,Tech,Germany,2009,89751
A0408,Company408,Retail,Netherlands,1488,403932
A0409,Company409,Retail,US,4253,237397
A0410,Company410,Finance,Netherlands,381,991238
A0411,Company411,Retail,Netherlands,4179,734161
A0412,Company412,Retail,US,2080,427504
A0413,Company413,Finance,US,4694,685165
A0414,Company414,Tech,UK,784,597163
A0415,Company415,Tech,UK,418,553662
A0416,Company416,Tech,US,220,911023
A0417,Company417,Finance,UK,2327,768054
A0418,Company418,Finance,Netherlands,4923,149671
A0419,Company419,Retail,Germany,4430,677420
A0420,Company420,Finance,UK,4586,185760
A0421,Company421,Retail,UK,3237,857643
A0422,Company422,Tech,UK,2330,387477
A0423,Company423,Tech,Germany,4693,303064
A0424,Company424,Tech,US,3003,362441
A0425,Company425,Tech,Germany,2139,274528
A0426,Company426,Finance,UK,2336,602936
A0427,Company427,Finance,US,1270,146589
A0428,Company428,Finance,Netherlands,1659,83882
A0429,Company429,Retail,Netherlands,4498,460066
A0430,Company430,Retail,Netherlands,4781,155954
A0431,Company431,Retail,UK,3255,756090
A0432,Company432,Tech,US,682,170516
A0433,Company433,Retail,US,297,792601
A0434,Company434,Finance,UK,3468,725560
A0435,Company435,Tech,Netherlands,4461,582889
A0436,Company436,Tech,Netherlands,3176,156199
A0437,Company437,Finance,Netherlands,3303,384196
A0438,Company438,Retail,Netherlands,1894,322309
A0439,Company439,Retail,Netherlands,2898,526027
A0440,Company440,Retail,Germany,775,549266
A0441,Company441,Finance,Netherlands,3846,32965
A0442,Company442,Finance,US,3102,801411
A0443,Company443,Finance,Germany,527,64593
A0444,Company444,Finance,Netherlands,1134,978174
A0445,Company445,Retail,US,971,905470
A0446,Company446,Finance,Netherlands,1752,538728
A0447,Company447,Retail,UK,1045,966449
A0448,Company448,Retail,Netherlands,3194,702954
A0449,Company449,Retail,Netherlands,4787,276971
A0450,Company450,Retail,US,1040,857897
A0451,Company451,Tech,UK,3998,581470
A0452,Company452,Retail,Netherlands,2242,49539
A0453,Company453,Retail,Netherlands,4591,537294
A0454,Company454,Tech,UK,2292,816245
A0455,Company455,Retail,UK,3314,295191
A0456,Company456,Finance,US,1111,205719
A0457,Company457,Retail,US,3768,800404
A0458,Company458,Tech,UK,1805,423076
A0459,Company459,Retail,Germany,2044,108595
A0460,Company460,Tech,US,3512,884264
A0461,Company461,Finance,Netherlands,1469,634235
A0462,Company462,Retail,Netherlands,4225,413495
A0463,Company463,Retail,Germany,1664,254023
A0464,Company464,Finance,US,2843,959880
A0465,Company465,Tech,UK,412,884571
A0466,Company466,Retail,Netherlands,1259,905270
A0467,Company467,Finance,UK,402,621658
A0468,Company468,Retail,US,4682,425550
A0469,Company469,Tech,UK,4242,892970
A0470,Company470,Retail,Germany,3280,290931
A0471,Company471,Finance,UK,452,589014
A0472,Company472,Finance,US,3546,329402
A0473,Company473,Retail,Germany,1273,635085
A0474,Company474,Retail,Germany,589,917040
A0475,Company475,Retail,Germany,3450,420009
A0476,Company476,Retail,US,4765,619991
A0477,Company477,Tech,US,4750,565272
A0478,Company478,Tech,US,2770,363052
A0479,Company479,Finance,US,3082,621033
A0480,Company480,Tech,UK,736,898293
A0481,Company481,Retail,UK,2790,534371
A0482,Company482,Retail,US,1366,964054
A0483,Company483,Finance,Germany,1802,163242
A0484,Company484,Retail,Netherlands,4879,123127
A0485,Company485,Finance,Germany,4216,451302
A0486,Company486,Finance,Germany,2178,648412
A0487,Company487,Finance,US,569,814833
A0488,Company488,Retail,Netherlands,2225,801253
A0489,Company489,Finance,Germany,4750,834003
A0490,Company490,Retail,US,663,753024
A0491,Company491,Tech,Germany,3439,97339
A0492,Company492,Tech,Germany,4562,771419
A0493,Company493,Retail,Germany,1973,230810
A0494,Company494,Tech,Germany,3985,59405
A0495,Company495,Retail,Germany,1720,871946
A0496,Company496,Retail,US,4561,340782
A0497,Company497,Finance,Germany,4278,149726
A0498,Company498,Tech,UK,3031,847871
A0499,Company499,Retail,US,285,340801
A0500,Company500,Finance,Netherlands,4612,52599
