QuoteID,OpportunityID,Total
Q00001,O00001,236738
Q00002,O00002,48829
Q00003,O00003,279600
Q00004,O00004,298550
Q00005,O00005,245968
Q00006,O00006,150649
Q00007,O00007,217840
Q00008,O00008,143895
Q00009,O00009,34037
Q00010,O00010,196403
Q00011,O00011,119653
Q00012,O00012,85935
Q00013,O00013,38442
Q00014,O00014,14294
Q00015,O00015,38327
Q00016,O00016,180119
Q00017,O00017,36078
Q00018,O00018,182302
Q00019,O00019,44744
Q00020,O00020,164292
Q00021,O00021,131934
Q00022,O00022,105936
Q00023,O00023,201777
Q00024,O00024,230429
Q00025,O00025,48905
Q00026,O00026,32137
Q00027,O00027,127731
Q00028,O00028,208894
Q00029,O00029,166895
Q00030,O00030,171093
Q00031,O00031,86748
Q00032,O00032,189250
Q00033,O00033,68467
Q00034,O00034,297336
Q00035,O00035,172909
Q00036,O00036,70275
Q00037,O00037,148767
Q00038,O00038,130878
Q00039,O00039,280128
Q00040,O00040,78013
Q00041,O00041,45811
Q00042,O00042,42399
Q00043,O00043,21030
Q00044,O00044,28284
Q00045,O00045,19824
Q00046,O00046,120813
Q00047,O00047,164855
Q00048,O00048,141795
Q00049,O00049,215233
Q00050,O00050,247310
Q00051,O00051,223259
Q00052,O00052,107018
Q00053,O00053,106915
Q00054,O00054,169480
Q00055,O00055,174552
Q00056,O00056,242351
Q00057,O00057,160068
Q00058,O00058,56801
Q00059,O00059,129436
Q00060,O00060,116099
Q00061,O00061,70783
Q00062,O00062,125257
Q00063,O00063,286408
Q00064,O00064,26915
Q00065,O00065,180794
Q00066,O00066,210513
Q00067,O00067,138185
Q00068,O00068,103648
Q00069,O00069,135680
Q00070,O00070,238900
Q00071,O00071,185656
Q00072,O00072,201033
Q00073,O00073,257104
Q00074,O00074,76765
Q00075,O00075,76457
Q00076,O00076,88378
Q00077,O00077,89816
Q00078,O00078,143107
Q00079,O00079,175262
Q00080,O00080,258022
Q00081,O00081,90750
Q00082,O00082,245761
Q00083,O00083,175592
Q00084,O00084,261438
Q00085,O00085,110486
Q00086,O00086,276205
Q00087,O00087,274032
Q00088,O00088,73132
Q00089,O00089,27107
Q00090,O00090,120188
Q00091,O00091,169595
Q00092,O00092,138105
Q00093,O00093,131505
Q00094,O00094,13578
Q00095,O00095,126790
Q00096,O00096,149743
Q00097,O00097,49529
Q00098,O00098,277000
Q00099,O00099,294125
Q00100,O00100,240349
Q00101,O00101,105882
Q00102,O00102,112481
Q00103,O00103,155187
Q00104,O00104,84607
Q00105,O00105,21114
Q00106,O00106,106441
Q00107,O00107,53232
Q00108,O00108,120839
Q00109,O00109,112925
Q00110,O00110,19409
Q00111,O00111,261848
Q00112,O00112,37458
Q00113,O00113,193240
Q00114,O00114,278002
Q00115,O00115,173348
Q00116,O00116,56975
Q00117,O00117,47481
Q00118,O00118,179318
Q00119,O00119,181687
Q00120,O00120,142330
Q00121,O00121,228082
Q00122,O00122,162454
Q00123,O00123,235769
Q00124,O00124,196888
Q00125,O00125,157484
Q00126,O00126,100373
Q00127,O00127,59598
Q00128,O00128,110803
Q00129,O00129,262255
Q00130,O00130,139819
Q00131,O00131,30199
Q00132,O00132,263890
Q00133,O00133,99358
Q00134,O00134,218494
Q00135,O00135,246210
Q00136,O00136,205629
Q00137,O00137,203098
Q00138,O00138,296603
Q00139,O00139,241662
Q00140,O00140,80598
Q00141,O00141,33627
Q00142,O00142,100924
Q00143,O00143,14392
Q00144,O00144,41139
Q00145,O00145,277146
Q00146,O00146,74666
Q00147,O00147,98766
Q00148,O00148,288009
Q00149,O00149,234084
Q00150,O00150,299472
Q00151,O00151,275962
Q00152,O00152,118385
Q00153,O00153,13375
Q00154,O00154,209237
Q00155,O00155,240457
Q00156,O00156,241923
Q00157,O00157,38324
Q00158,O00158,61012
Q00159,O00159,242462
Q00160,O00160,245378
Q00161,O00161,29088
Q00162,O00162,245911
Q00163,O00163,192871
Q00164,O00164,153279
Q00165,O00165,24450
Q00166,O00166,44040
Q00167,O00167,177248
Q00168,O00168,63289
Q00169,O00169,255517
Q00170,O00170,253958
Q00171,O00171,96083
Q00172,O00172,233979
Q00173,O00173,260485
Q00174,O00174,86522
Q00175,O00175,111448
Q00176,O00176,123309
Q00177,O00177,91661
Q00178,O00178,232929
Q00179,O00179,206362
Q00180,O00180,218681
Q00181,O00181,243502
Q00182,O00182,168909
Q00183,O00183,161842
Q00184,O00184,104223
Q00185,O00185,65302
Q00186,O00186,177031
Q00187,O00187,188799
Q00188,O00188,252530
Q00189,O00189,216641
Q00190,O00190,97075
Q00191,O00191,138623
Q00192,O00192,42263
Q00193,O00193,190503
Q00194,O00194,224349
Q00195,O00195,161313
Q00196,O00196,211629
Q00197,O00197,193584
Q00198,O00198,126493
Q00199,O00199,177904
Q00200,O00200,163972
Q00201,O00201,194050
Q00202,O00202,90342
Q00203,O00203,104056
Q00204,O00204,239117
Q00205,O00205,284167
Q00206,O00206,111681
Q00207,O00207,94159
Q00208,O00208,283739
Q00209,O00209,185024
Q00210,O00210,176342
Q00211,O00211,198023
Q00212,O00212,270545
Q00213,O00213,57059
Q00214,O00214,84852
Q00215,O00215,82283
Q00216,O00216,192736
Q00217,O00217,25639
Q00218,O00218,113290
Q00219,O00219,12651
Q00220,O00220,282092
Q00221,O00221,65516
Q00222,O00222,183987
Q00223,O00223,284060
Q00224,O00224,84824
Q00225,O00225,192922
Q00226,O00226,202962
Q00227,O00227,112571
Q00228,O00228,135808
Q00229,O00229,216345
Q00230,O00230,241097
Q00231,O00231,100343
Q00232,O00232,235540
Q00233,O00233,133571
Q00234,O00234,189220
Q00235,O00235,275455
Q00236,O00236,284287
Q00237,O00237,193161
Q00238,O00238,138680
Q00239,O00239,20001
Q00240,O00240,161107
Q00241,O00241,24032
Q00242,O00242,235972
Q00243,O00243,272830
Q00244,O00244,216344
Q00245,O00245,136769
Q00246,O00246,176318
Q00247,O00247,120457
Q00248,O00248,203626
Q00249,O00249,65423
Q00250,O00250,55879
Q00251,O00251,132930
Q00252,O00252,42414
Q00253,O00253,166358
Q00254,O00254,25194
Q00255,O00255,260784
Q00256,O00256,178630
Q00257,O00257,38697
Q00258,O00258,239621
Q00259,O00259,105731
Q00260,O00260,218562
Q00261,O00261,218895
Q00262,O00262,125702
Q00263,O00263,87508
Q00264,O00264,70711
Q00265,O00265,172169
Q00266,O00266,82634
Q00267,O00267,248612
Q00268,O00268,180780
Q00269,O00269,17676
Q00270,O00270,150861
Q00271,O00271,252203
Q00272,O00272,149408
Q00273,O00273,220470
Q00274,O00274,178948
Q00275,O00275,244547
Q00276,O00276,287747
Q00277,O00277,32902
Q00278,O00278,70991
Q00279,O00279,287759
Q00280,O00280,115129
Q00281,O00281,129502
Q00282,O00282,195012
Q00283,O00283,80619
Q00284,O00284,140086
Q00285,O00285,148859
Q00286,O00286,236423
Q00287,O00287,258833
Q00288,O00288,45597
Q00289,O00289,27850
Q00290,O00290,227336
Q00291,O00291,278246
Q00292,O00292,128484
Q00293,O00293,201646
Q00294,O00294,178757
Q00295,O00295,91259
Q00296,O00296,260400
Q00297,O00297,173675
Q00298,O00298,162654
Q00299,O00299,209517
Q00300,O00300,210567
Q00301,O00301,22743
Q00302,O00302,268586
Q00303,O00303,238670
Q00304,O00304,61567
Q00305,O00305,70786
Q00306,O00306,237123
Q00307,O00307,22491
Q00308,O00308,84176
Q00309,O00309,163343
Q00310,O00310,60006
Q00311,O00311,261020
Q00312,O00312,276717
Q00313,O00313,90231
Q00314,O00314,146154
Q00315,O00315,60887
Q00316,O00316,59660
Q00317,O00317,54391
Q00318,O00318,24622
Q00319,O00319,78129
Q00320,O00320,267930
Q00321,O00321,207125
Q00322,O00322,54062
Q00323,O00323,248180
Q00324,O00324,30749
Q00325,O00325,45837
Q00326,O00326,170801
Q00327,O00327,291779
Q00328,O00328,181387
Q00329,O00329,196223
Q00330,O00330,131988
Q00331,O00331,124134
Q00332,O00332,291178
Q00333,O00333,12515
Q00334,O00334,130691
Q00335,O00335,94533
Q00336,O00336,116208
Q00337,O00337,48807
Q00338,O00338,120638
Q00339,O00339,123249
Q00340,O00340,172949
Q00341,O00341,161872
Q00342,O00342,243750
Q00343,O00343,46938
Q00344,O00344,253043
Q00345,O00345,97876
Q00346,O00346,67518
Q00347,O00347,171370
Q00348,O00348,164230
Q00349,O00349,193214
Q00350,O00350,25248
Q00351,O00351,241368
Q00352,O00352,175502
Q00353,O00353,69937
Q00354,O00354,68232
Q00355,O00355,81133
Q00356,O00356,23520
Q00357,O00357,129226
Q00358,O00358,288990
Q00359,O00359,42876
Q00360,O00360,177939
Q00361,O00361,292676
Q00362,O00362,14148
Q00363,O00363,145758
Q00364,O00364,221827
Q00365,O00365,254035
Q00366,O00366,261285
Q00367,O00367,119194
Q00368,O00368,37090
Q00369,O00369,177067
Q00370,O00370,224133
Q00371,O00371,273499
Q00372,O00372,28045
Q00373,O00373,296220
Q00374,O00374,33268
Q00375,O00375,209380
Q00376,O00376,21994
Q00377,O00377,290929
Q00378,O00378,95136
Q00379,O00379,261879
Q00380,O00380,221066
Q00381,O00381,61867
Q00382,O00382,235489
Q00383,O00383,124348
Q00384,O00384,66519
Q00385,O00385,43265
Q00386,O00386,258952
Q00387,O00387,202713
Q00388,O00388,140062
Q00389,O00389,196572
Q00390,O00390,129974
Q00391,O00391,65709
Q00392,O00392,190619
Q00393,O00393,269065
Q00394,O00394,67734
Q00395,O00395,278384
Q00396,O00396,29437
Q00397,O00397,284718
Q00398,O00398,78049
Q00399,O00399,173370
Q00400,O00400,266516
Q00401,O00401,143557
Q00402,O00402,23003
Q00403,O00403,279737
Q00404,O00404,52469
Q00405,O00405,219124
Q00406,O00406,257490
Q00407,O00407,53707
Q00408,O00408,156146
Q00409,O00409,102443
Q00410,O00410,186890
Q00411,O00411,189232
Q00412,O00412,191315
Q00413,O00413,278468
Q00414,O00414,104010
Q00415,O00415,31393
Q00416,O00416,248122
Q00417,O00417,286086
Q00418,O00418,231536
Q00419,O00419,144879
Q00420,O00420,109015
Q00421,O00421,207969
Q00422,O00422,233375
Q00423,O00423,22536
Q00424,O00424,229858
Q00425,O00425,94082
Q00426,O00426,276236
Q00427,O00427,150088
Q00428,O00428,159721
Q00429,O00429,249432
Q00430,O00430,160132
Q00431,O00431,295582
Q00432,O00432,20517
Q00433,O00433,214377
Q00434,O00434,142311
Q00435,O00435,263507
Q00436,O00436,69207
Q00437,O00437,45736
Q00438,O00438,255524
Q00439,O00439,36892
Q00440,O00440,118981
Q00441,O00441,67950
Q00442,O00442,210388
Q00443,O00443,130185
Q00444,O00444,234073
Q00445,O00445,238501
Q00446,O00446,89091
Q00447,O00447,207379
Q00448,O00448,176683
Q00449,O00449,86184
Q00450,O00450,260221
Q00451,O00451,286518
Q00452,O00452,166786
Q00453,O00453,82510
Q00454,O00454,193947
Q00455,O00455,22774
Q00456,O00456,121922
Q00457,O00457,152996
Q00458,O00458,187184
Q00459,O00459,52535
Q00460,O00460,83006
Q00461,O00461,102362
Q00462,O00462,22624
Q00463,O00463,251469
Q00464,O00464,278039
Q00465,O00465,148422
Q00466,O00466,65252
Q00467,O00467,47317
Q00468,O00468,23919
Q00469,O00469,162258
Q00470,O00470,18851
Q00471,O00471,15260
Q00472,O00472,215539
Q00473,O00473,244162
Q00474,O00474,74635
Q00475,O00475,16033
Q00476,O00476,192577
Q00477,O00477,31289
Q00478,O00478,159695
Q00479,O00479,225449
Q00480,O00480,255976
Q00481,O00481,144382
Q00482,O00482,214889
Q00483,O00483,226019
Q00484,O00484,247626
Q00485,O00485,75855
Q00486,O00486,51459
Q00487,O00487,216007
Q00488,O00488,27574
Q00489,O00489,150946
Q00490,O00490,143928
Q00491,O00491,66028
Q00492,O00492,254227
Q00493,O00493,31771
Q00494,O00494,60602
Q00495,O00495,69791
Q00496,O00496,86830
Q00497,O00497,214224
Q00498,O00498,127172
Q00499,O00499,266558
Q00500,O00500,218693
Q00501,O00501,99849
Q00502,O00502,46942
Q00503,O00503,166191
Q00504,O00504,10345
Q00505,O00505,297698
Q00506,O00506,143396
Q00507,O00507,127162
Q00508,O00508,75864
Q00509,O00509,22635
Q00510,O00510,243999
Q00511,O00511,91432
Q00512,O00512,142316
Q00513,O00513,83856
Q00514,O00514,13898
Q00515,O00515,262964
Q00516,O00516,224121
Q00517,O00517,240681
Q00518,O00518,286491
Q00519,O00519,177088
Q00520,O00520,136900
Q00521,O00521,10786
Q00522,O00522,83678
Q00523,O00523,57411
Q00524,O00524,154709
Q00525,O00525,233417
Q00526,O00526,240484
Q00527,O00527,123470
Q00528,O00528,201730
Q00529,O00529,142030
Q00530,O00530,26270
Q00531,O00531,262786
Q00532,O00532,189288
Q00533,O00533,101506
Q00534,O00534,130639
Q00535,O00535,203486
Q00536,O00536,109383
Q00537,O00537,215679
Q00538,O00538,225159
Q00539,O00539,144915
Q00540,O00540,154629
Q00541,O00541,239261
Q00542,O00542,191473
Q00543,O00543,65669
Q00544,O00544,99679
Q00545,O00545,290738
Q00546,O00546,231933
Q00547,O00547,45661
Q00548,O00548,118866
Q00549,O00549,216454
Q00550,O00550,96519
Q00551,O00551,171900
Q00552,O00552,166656
Q00553,O00553,141647
Q00554,O00554,79923
Q00555,O00555,178386
Q00556,O00556,172840
Q00557,O00557,164471
Q00558,O00558,93719
Q00559,O00559,185122
Q00560,O00560,241699
Q00561,O00561,211106
Q00562,O00562,117871
Q00563,O00563,170157
Q00564,O00564,67047
Q00565,O00565,179839
Q00566,O00566,190557
Q00567,O00567,282169
Q00568,O00568,136267
Q00569,O00569,185594
Q00570,O00570,23666
Q00571,O00571,157339
Q00572,O00572,234841
Q00573,O00573,33039
Q00574,O00574,293871
Q00575,O00575,238669
Q00576,O00576,229825
Q00577,O00577,116518
Q00578,O00578,56625
Q00579,O00579,222143
Q00580,O00580,281130
Q00581,O00581,229694
Q00582,O00582,10816
Q00583,O00583,54721
Q00584,O00584,245320
Q00585,O00585,165871
Q00586,O00586,143389
Q00587,O00587,32096
Q00588,O00588,273861
Q00589,O00589,210102
Q00590,O00590,94906
Q00591,O00591,48075
Q00592,O00592,207729
Q00593,O00593,22199
Q00594,O00594,19366
Q00595,O00595,102156
Q00596,O00596,217512
Q00597,O00597,126433
Q00598,O00598,293127
Q00599,O00599,141145
Q00600,O00600,144110
Q00601,O00601,163333
Q00602,O00602,87136
Q00603,O00603,154454
Q00604,O00604,109233
Q00605,O00605,65251
Q00606,O00606,178856
Q00607,O00607,27210
Q00608,O00608,147232
Q00609,O00609,147002
Q00610,O00610,27307
Q00611,O00611,238875
Q00612,O00612,202178
Q00613,O00613,196663
Q00614,O00614,156942
Q00615,O00615,90037
Q00616,O00616,214339
Q00617,O00617,49505
Q00618,O00618,171225
Q00619,O00619,12241
Q00620,O00620,236195
Q00621,O00621,202219
Q00622,O00622,111490
Q00623,O00623,161642
Q00624,O00624,94449
Q00625,O00625,235135
Q00626,O00626,207350
Q00627,O00627,115418
Q00628,O00628,260463
Q00629,O00629,79770
Q00630,O00630,191859
Q00631,O00631,97408
Q00632,O00632,106590
Q00633,O00633,141061
Q00634,O00634,16852
Q00635,O00635,122518
Q00636,O00636,87626
Q00637,O00637,91997
Q00638,O00638,78543
Q00639,O00639,94234
Q00640,O00640,215824
Q00641,O00641,100763
Q00642,O00642,271361
Q00643,O00643,89502
Q00644,O00644,87245
Q00645,O00645,205124
Q00646,O00646,156157
Q00647,O00647,256262
Q00648,O00648,125724
Q00649,O00649,71621
Q00650,O00650,202793
Q00651,O00651,215394
Q00652,O00652,106155
Q00653,O00653,35567
Q00654,O00654,252937
Q00655,O00655,254664
Q00656,O00656,91911
Q00657,O00657,260209
Q00658,O00658,119080
Q00659,O00659,158201
Q00660,O00660,56175
Q00661,O00661,278463
Q00662,O00662,167646
Q00663,O00663,206959
Q00664,O00664,38012
Q00665,O00665,120497
Q00666,O00666,249436
Q00667,O00667,65184
Q00668,O00668,210375
Q00669,O00669,19042
Q00670,O00670,264431
Q00671,O00671,233616
Q00672,O00672,238554
Q00673,O00673,281521
Q00674,O00674,32642
Q00675,O00675,175445
Q00676,O00676,80711
Q00677,O00677,103573
Q00678,O00678,141925
Q00679,O00679,58703
Q00680,O00680,211059
Q00681,O00681,29735
Q00682,O00682,262202
Q00683,O00683,113334
Q00684,O00684,166598
Q00685,O00685,275227
Q00686,O00686,121697
Q00687,O00687,15364
Q00688,O00688,56651
Q00689,O00689,249137
Q00690,O00690,83545
Q00691,O00691,83498
Q00692,O00692,198062
Q00693,O00693,219857
Q00694,O00694,55052
Q00695,O00695,159482
Q00696,O00696,206323
Q00697,O00697,222500
Q00698,O00698,166856
Q00699,O00699,184281
Q00700,O00700,36717
Q00701,O00701,252435
Q00702,O00702,29259
Q00703,O00703,285472
Q00704,O00704,141022
Q00705,O00705,226691
Q00706,O00706,271339
Q00707,O00707,170037
Q00708,O00708,130279
Q00709,O00709,148402
Q00710,O00710,89452
Q00711,O00711,88194
Q00712,O00712,139752
Q00713,O00713,298480
Q00714,O00714,82797
Q00715,O00715,183109
Q00716,O00716,71064
Q00717,O00717,155877
Q00718,O00718,86208
Q00719,O00719,249176
Q00720,O00720,172222
Q00721,O00721,198748
Q00722,O00722,259135
Q00723,O00723,14183
Q00724,O00724,37846
Q00725,O00725,13950
Q00726,O00726,11315
Q00727,O00727,215551
Q00728,O00728,126648
Q00729,O00729,155120
Q00730,O00730,94683
Q00731,O00731,183213
Q00732,O00732,130988
Q00733,O00733,291231
Q00734,O00734,53421
Q00735,O00735,96537
Q00736,O00736,195737
Q00737,O00737,268621
Q00738,O00738,236175
Q00739,O00739,141960
Q00740,O00740,203131
Q00741,O00741,280860
Q00742,O00742,47065
Q00743,O00743,192261
Q00744,O00744,191711
Q00745,O00745,14559
Q00746,O00746,225415
Q00747,O00747,276849
Q00748,O00748,172556
Q00749,O00749,149320
Q00750,O00750,247076
Q00751,O00751,255641
Q00752,O00752,268395
Q00753,O00753,206829
Q00754,O00754,78072
Q00755,O00755,265214
Q00756,O00756,199637
Q00757,O00757,42510
Q00758,O00758,191967
Q00759,O00759,286249
Q00760,O00760,227568
Q00761,O00761,10412
Q00762,O00762,289285
Q00763,O00763,297694
Q00764,O00764,84597
Q00765,O00765,199153
Q00766,O00766,59161
Q00767,O00767,196436
Q00768,O00768,297573
Q00769,O00769,250270
Q00770,O00770,174871
Q00771,O00771,214313
Q00772,O00772,262953
Q00773,O00773,15942
Q00774,O00774,119348
Q00775,O00775,138780
Q00776,O00776,121504
Q00777,O00777,165227
Q00778,O00778,253840
Q00779,O00779,277090
Q00780,O00780,207382
Q00781,O00781,48687
Q00782,O00782,245599
Q00783,O00783,227238
Q00784,O00784,216940
Q00785,O00785,252763
Q00786,O00786,268825
Q00787,O00787,258583
Q00788,O00788,194575
Q00789,O00789,72865
Q00790,O00790,213454
Q00791,O00791,102261
Q00792,O00792,285574
Q00793,O00793,278303
Q00794,O00794,121216
Q00795,O00795,253967
Q00796,O00796,80652
Q00797,O00797,237386
Q00798,O00798,200469
Q00799,O00799,116596
Q00800,O00800,258412
Q00801,O00801,227793
Q00802,O00802,242698
Q00803,O00803,244737
Q00804,O00804,128965
Q00805,O00805,177886
Q00806,O00806,143342
Q00807,O00807,25839
Q00808,O00808,81303
Q00809,O00809,255746
Q00810,O00810,125286
Q00811,O00811,150689
Q00812,O00812,73001
Q00813,O00813,167762
Q00814,O00814,87959
Q00815,O00815,96796
Q00816,O00816,237045
Q00817,O00817,198052
Q00818,O00818,170559
Q00819,O00819,159120
Q00820,O00820,148130
Q00821,O00821,160432
Q00822,O00822,57084
Q00823,O00823,211171
Q00824,O00824,256954
Q00825,O00825,149091
Q00826,O00826,22116
Q00827,O00827,253214
Q00828,O00828,276970
Q00829,O00829,18641
Q00830,O00830,122608
Q00831,O00831,224822
Q00832,O00832,177354
Q00833,O00833,257407
Q00834,O00834,280032
Q00835,O00835,299076
Q00836,O00836,58822
Q00837,O00837,232148
Q00838,O00838,193991
Q00839,O00839,199665
Q00840,O00840,183655
Q00841,O00841,176547
Q00842,O00842,183224
Q00843,O00843,163732
Q00844,O00844,267259
Q00845,O00845,272247
Q00846,O00846,284390
Q00847,O00847,101405
Q00848,O00848,171732
Q00849,O00849,88649
Q00850,O00850,80453
Q00851,O00851,82368
Q00852,O00852,275525
Q00853,O00853,232348
Q00854,O00854,274236
Q00855,O00855,260337
Q00856,O00856,113701
Q00857,O00857,153836
Q00858,O00858,240765
Q00859,O00859,214638
Q00860,O00860,42407
Q00861,O00861,91853
Q00862,O00862,266757
Q00863,O00863,43796
Q00864,O00864,48339
Q00865,O00865,25754
Q00866,O00866,78732
Q00867,O00867,119256
Q00868,O00868,156034
Q00869,O00869,93093
Q00870,O00870,70440
Q00871,O00871,184868
Q00872,O00872,15382
Q00873,O00873,120679
Q00874,O00874,94007
Q00875,O00875,22427
Q00876,O00876,164405
Q00877,O00877,247162
Q00878,O00878,93564
Q00879,O00879,22481
Q00880,O00880,132422
Q00881,O00881,269334
Q00882,O00882,50575
Q00883,O00883,25807
Q00884,O00884,101707
Q00885,O00885,251233
Q00886,O00886,112545
Q00887,O00887,99448
Q00888,O00888,52281
Q00889,O00889,166071
Q00890,O00890,167960
Q00891,O00891,289851
Q00892,O00892,62660
Q00893,O00893,61266
Q00894,O00894,217280
Q00895,O00895,14032
Q00896,O00896,255770
Q00897,O00897,260206
Q00898,O00898,114625
Q00899,O00899,290163
Q00900,O00900,114096
Q00901,O00901,35501
Q00902,O00902,200401
Q00903,O00903,121451
Q00904,O00904,223392
Q00905,O00905,251385
Q00906,O00906,245433
Q00907,O00907,146074
Q00908,O00908,281630
Q00909,O00909,227619
Q00910,O00910,12742
Q00911,O00911,211432
Q00912,O00912,171995
Q00913,O00913,131988
Q00914,O00914,140903
Q00915,O00915,105078
Q00916,O00916,192415
Q00917,O00917,214285
Q00918,O00918,68910
Q00919,O00919,42362
Q00920,O00920,113428
Q00921,O00921,208508
Q00922,O00922,53135
Q00923,O00923,296777
Q00924,O00924,195399
Q00925,O00925,182507
Q00926,O00926,15764
Q00927,O00927,153324
Q00928,O00928,278226
Q00929,O00929,267768
Q00930,O00930,234561
Q00931,O00931,278788
Q00932,O00932,31614
Q00933,O00933,175019
Q00934,O00934,97687
Q00935,O00935,142596
Q00936,O00936,58653
Q00937,O00937,156497
Q00938,O00938,247593
Q00939,O00939,170063
Q00940,O00940,225746
Q00941,O00941,269819
Q00942,O00942,33434
Q00943,O00943,164199
Q00944,O00944,289151
Q00945,O00945,225184
Q00946,O00946,42435
Q00947,O00947,275272
Q00948,O00948,38804
Q00949,O00949,60939
Q00950,O00950,226466
Q00951,O00951,51584
Q00952,O00952,283138
Q00953,O00953,88412
Q00954,O00954,181825
Q00955,O00955,50716
Q00956,O00956,56109
Q00957,O00957,200708
Q00958,O00958,101645
Q00959,O00959,33839
Q00960,O00960,173575
Q00961,O00961,203989
Q00962,O00962,259509
Q00963,O00963,226364
Q00964,O00964,260497
Q00965,O00965,142571
Q00966,O00966,257221
Q00967,O00967,288097
Q00968,O00968,78889
Q00969,O00969,258672
Q00970,O00970,184645
Q00971,O00971,201483
Q00972,O00972,224905
Q00973,O00973,15265
Q00974,O00974,147730
Q00975,O00975,250847
Q00976,O00976,265503
Q00977,O00977,87755
Q00978,O00978,73816
Q00979,O00979,178483
Q00980,O00980,283133
Q00981,O00981,285753
Q00982,O00982,91724
Q00983,O00983,218974
Q00984,O00984,145669
Q00985,O00985,238545
Q00986,O00986,177783
Q00987,O00987,139028
Q00988,O00988,193489
Q00989,O00989,155582
Q00990,O00990,27815
Q00991,O00991,67006
Q00992,O00992,145424
Q00993,O00993,67885
Q00994,O00994,164613
Q00995,O00995,85723
Q00996,O00996,208624
Q00997,O00997,13627
Q00998,O00998,81511
Q00999,O00999,264390
Q01000,O01000,190610
Q01001,O01001,118769
Q01002,O01002,248279
Q01003,O01003,252980
Q01004,O01004,233980
Q01005,O01005,190623
Q01006,O01006,211090
Q01007,O01007,272078
Q01008,O01008,116470
Q01009,O01009,270482
Q01010,O01010,254046
Q01011,O01011,156874
Q01012,O01012,69482
Q01013,O01013,79069
Q01014,O01014,85779
Q01015,O01015,124423
Q01016,O01016,68975
Q01017,O01017,183192
Q01018,O01018,206274
Q01019,O01019,49123
Q01020,O01020,246511
Q01021,O01021,238509
Q01022,O01022,295550
Q01023,O01023,260666
Q01024,O01024,184086
Q01025,O01025,83987
Q01026,O01026,59609
Q01027,O01027,28682
Q01028,O01028,187179
Q01029,O01029,240229
Q01030,O01030,298075
Q01031,O01031,217197
Q01032,O01032,135907
Q01033,O01033,214745
Q01034,O01034,82995
Q01035,O01035,83382
Q01036,O01036,86427
Q01037,O01037,114004
Q01038,O01038,266734
Q01039,O01039,200759
Q01040,O01040,288427
Q01041,O01041,135081
Q01042,O01042,149782
Q01043,O01043,285674
Q01044,O01044,279089
Q01045,O01045,77747
Q01046,O01046,296990
Q01047,O01047,73502
Q01048,O01048,222318
Q01049,O01049,275557
Q01050,O01050,291426
Q01051,O01051,265840
Q01052,O01052,64061
Q01053,O01053,104148
Q01054,O01054,85872
Q01055,O01055,49625
Q01056,O01056,258219
Q01057,O01057,32812
Q01058,O01058,295091
Q01059,O01059,157795
Q01060,O01060,256489
Q01061,O01061,105164
Q01062,O01062,98370
Q01063,O01063,168540
Q01064,O01064,218733
Q01065,O01065,197367
Q01066,O01066,11502
Q01067,O01067,248348
Q01068,O01068,212748
Q01069,O01069,141377
Q01070,O01070,108649
Q01071,O01071,13292
Q01072,O01072,29063
Q01073,O01073,284452
Q01074,O01074,88451
Q01075,O01075,26372
Q01076,O01076,240676
Q01077,O01077,273180
Q01078,O01078,76919
Q01079,O01079,283626
Q01080,O01080,247084
Q01081,O01081,175983
Q01082,O01082,89111
Q01083,O01083,148994
Q01084,O01084,204380
Q01085,O01085,181576
Q01086,O01086,25446
Q01087,O01087,162706
Q01088,O01088,271790
Q01089,O01089,114626
Q01090,O01090,56814
Q01091,O01091,111646
Q01092,O01092,191780
Q01093,O01093,51005
Q01094,O01094,133706
Q01095,O01095,284018
Q01096,O01096,198933
Q01097,O01097,172367
Q01098,O01098,223152
Q01099,O01099,113249
Q01100,O01100,209809
Q01101,O01101,168051
Q01102,O01102,261117
Q01103,O01103,198541
Q01104,O01104,216931
Q01105,O01105,88798
Q01106,O01106,112695
Q01107,O01107,220990
Q01108,O01108,66329
Q01109,O01109,205767
Q01110,O01110,32625
Q01111,O01111,80327
Q01112,O01112,121852
Q01113,O01113,91814
Q01114,O01114,127184
Q01115,O01115,73721
Q01116,O01116,79750
Q01117,O01117,56576
Q01118,O01118,82998
Q01119,O01119,280665
Q01120,O01120,58885
Q01121,O01121,114622
Q01122,O01122,176529
Q01123,O01123,14648
Q01124,O01124,146584
Q01125,O01125,283591
Q01126,O01126,146092
Q01127,O01127,260376
Q01128,O01128,265751
Q01129,O01129,51689
Q01130,O01130,212298
Q01131,O01131,190095
Q01132,O01132,141506
Q01133,O01133,126059
Q01134,O01134,34329
Q01135,O01135,87381
Q01136,O01136,66965
Q01137,O01137,278823
Q01138,O01138,199496
Q01139,O01139,238950
Q01140,O01140,209619
Q01141,O01141,255370
Q01142,O01142,203343
Q01143,O01143,229152
Q01144,O01144,48443
Q01145,O01145,88203
Q01146,O01146,17445
Q01147,O01147,133949
Q01148,O01148,183751
Q01149,O01149,16067
Q01150,O01150,136052
Q01151,O01151,201477
Q01152,O01152,106694
Q01153,O01153,30422
Q01154,O01154,195245
Q01155,O01155,299512
Q01156,O01156,276916
Q01157,O01157,37929
Q01158,O01158,172342
Q01159,O01159,114873
Q01160,O01160,228697
Q01161,O01161,160871
Q01162,O01162,58403
Q01163,O01163,114806
Q01164,O01164,198267
Q01165,O01165,295040
Q01166,O01166,179461
Q01167,O01167,57578
Q01168,O01168,241360
Q01169,O01169,256907
Q01170,O01170,36198
Q01171,O01171,269104
Q01172,O01172,15944
Q01173,O01173,72372
Q01174,O01174,289972
Q01175,O01175,201493
Q01176,O01176,89433
Q01177,O01177,209683
Q01178,O01178,210893
Q01179,O01179,48054
Q01180,O01180,171502
Q01181,O01181,263741
Q01182,O01182,142208
Q01183,O01183,65219
Q01184,O01184,125361
Q01185,O01185,16880
Q01186,O01186,57228
Q01187,O01187,286251
Q01188,O01188,173075
Q01189,O01189,85356
Q01190,O01190,202736
Q01191,O01191,118194
Q01192,O01192,17407
Q01193,O01193,247427
Q01194,O01194,219838
Q01195,O01195,250401
Q01196,O01196,204144
Q01197,O01197,53970
Q01198,O01198,126843
Q01199,O01199,192167
Q01200,O01200,60385
Q01201,O01201,132390
Q01202,O01202,115227
Q01203,O01203,54059
Q01204,O01204,167460
Q01205,O01205,185012
Q01206,O01206,117917
Q01207,O01207,271687
Q01208,O01208,11041
Q01209,O01209,201827
Q01210,O01210,109205
Q01211,O01211,116382
Q01212,O01212,32612
Q01213,O01213,10757
Q01214,O01214,162650
Q01215,O01215,198917
Q01216,O01216,98409
Q01217,O01217,87139
Q01218,O01218,56389
Q01219,O01219,160970
Q01220,O01220,137061
Q01221,O01221,129949
Q01222,O01222,150943
Q01223,O01223,235574
Q01224,O01224,133270
Q01225,O01225,266979
Q01226,O01226,250397
Q01227,O01227,175446
Q01228,O01228,292986
Q01229,O01229,295208
Q01230,O01230,233254
Q01231,O01231,250187
Q01232,O01232,40882
Q01233,O01233,120627
Q01234,O01234,277558
Q01235,O01235,257174
Q01236,O01236,207338
Q01237,O01237,202689
Q01238,O01238,231088
Q01239,O01239,49376
Q01240,O01240,230266
Q01241,O01241,144195
Q01242,O01242,190734
Q01243,O01243,228547
Q01244,O01244,131822
Q01245,O01245,186559
Q01246,O01246,165536
Q01247,O01247,246671
Q01248,O01248,206128
Q01249,O01249,247787
Q01250,O01250,182840
Q01251,O01251,120338
Q01252,O01252,81491
Q01253,O01253,85427
Q01254,O01254,219242
Q01255,O01255,175555
Q01256,O01256,118448
Q01257,O01257,277526
Q01258,O01258,255482
Q01259,O01259,209255
Q01260,O01260,281358
Q01261,O01261,138510
Q01262,O01262,294954
Q01263,O01263,13049
Q01264,O01264,250939
Q01265,O01265,211183
Q01266,O01266,108979
Q01267,O01267,113124
Q01268,O01268,103666
Q01269,O01269,286655
Q01270,O01270,91391
Q01271,O01271,171268
Q01272,O01272,106714
Q01273,O01273,277597
Q01274,O01274,99517
Q01275,O01275,132572
Q01276,O01276,245168
Q01277,O01277,111909
Q01278,O01278,207253
Q01279,O01279,210862
Q01280,O01280,56331
Q01281,O01281,194822
Q01282,O01282,262725
Q01283,O01283,192071
Q01284,O01284,293013
Q01285,O01285,80127
Q01286,O01286,43150
Q01287,O01287,290515
Q01288,O01288,242172
Q01289,O01289,265802
Q01290,O01290,213068
Q01291,O01291,208043
Q01292,O01292,219322
Q01293,O01293,263830
Q01294,O01294,172252
Q01295,O01295,40405
Q01296,O01296,92442
Q01297,O01297,257725
Q01298,O01298,32309
Q01299,O01299,260257
Q01300,O01300,235086
Q01301,O01301,64388
Q01302,O01302,130659
Q01303,O01303,235183
Q01304,O01304,157002
Q01305,O01305,254490
Q01306,O01306,173258
Q01307,O01307,28671
Q01308,O01308,253561
Q01309,O01309,288395
Q01310,O01310,174211
Q01311,O01311,233599
Q01312,O01312,83407
Q01313,O01313,190034
Q01314,O01314,37492
Q01315,O01315,95688
Q01316,O01316,261761
Q01317,O01317,296219
Q01318,O01318,57874
Q01319,O01319,95236
Q01320,O01320,267175
Q01321,O01321,26269
Q01322,O01322,261279
Q01323,O01323,79444
Q01324,O01324,292081
Q01325,O01325,252874
Q01326,O01326,299463
Q01327,O01327,27779
Q01328,O01328,270352
Q01329,O01329,137483
Q01330,O01330,163445
Q01331,O01331,163920
Q01332,O01332,95784
Q01333,O01333,288092
Q01334,O01334,284141
Q01335,O01335,128402
Q01336,O01336,86187
Q01337,O01337,174598
Q01338,O01338,253795
Q01339,O01339,116016
Q01340,O01340,212808
Q01341,O01341,108400
Q01342,O01342,233288
Q01343,O01343,215986
Q01344,O01344,299727
Q01345,O01345,209648
Q01346,O01346,176910
Q01347,O01347,255201
Q01348,O01348,51934
Q01349,O01349,207129
Q01350,O01350,163730
Q01351,O01351,221922
Q01352,O01352,42354
Q01353,O01353,92416
Q01354,O01354,83939
Q01355,O01355,174386
Q01356,O01356,205366
Q01357,O01357,211214
Q01358,O01358,29001
Q01359,O01359,171862
Q01360,O01360,51510
Q01361,O01361,176462
Q01362,O01362,242740
Q01363,O01363,79036
Q01364,O01364,106139
Q01365,O01365,103443
Q01366,O01366,83863
Q01367,O01367,278940
Q01368,O01368,47143
Q01369,O01369,279282
Q01370,O01370,232366
Q01371,O01371,241213
Q01372,O01372,52746
Q01373,O01373,167307
Q01374,O01374,134553
Q01375,O01375,216000
Q01376,O01376,131169
Q01377,O01377,265764
Q01378,O01378,90388
Q01379,O01379,198195
Q01380,O01380,262398
Q01381,O01381,140670
Q01382,O01382,100926
Q01383,O01383,45766
Q01384,O01384,146857
Q01385,O01385,77981
Q01386,O01386,41119
Q01387,O01387,272149
Q01388,O01388,22832
Q01389,O01389,42140
Q01390,O01390,199290
Q01391,O01391,285131
Q01392,O01392,248258
Q01393,O01393,19256
Q01394,O01394,52133
Q01395,O01395,102855
Q01396,O01396,216918
Q01397,O01397,127404
Q01398,O01398,192396
Q01399,O01399,267292
Q01400,O01400,293278
Q01401,O01401,171921
Q01402,O01402,56317
Q01403,O01403,178956
Q01404,O01404,161210
Q01405,O01405,275444
Q01406,O01406,289278
Q01407,O01407,169348
Q01408,O01408,50635
Q01409,O01409,217750
Q01410,O01410,179583
Q01411,O01411,161738
Q01412,O01412,214764
Q01413,O01413,220870
Q01414,O01414,142936
Q01415,O01415,145504
Q01416,O01416,136738
Q01417,O01417,223289
Q01418,O01418,255600
Q01419,O01419,216600
Q01420,O01420,146563
Q01421,O01421,77111
Q01422,O01422,208007
Q01423,O01423,38120
Q01424,O01424,280006
Q01425,O01425,107334
Q01426,O01426,122329
Q01427,O01427,184050
Q01428,O01428,94704
Q01429,O01429,296856
Q01430,O01430,261430
Q01431,O01431,137767
Q01432,O01432,245893
Q01433,O01433,69145
Q01434,O01434,207845
Q01435,O01435,60240
Q01436,O01436,55783
Q01437,O01437,279609
Q01438,O01438,184964
Q01439,O01439,211502
Q01440,O01440,272971
Q01441,O01441,259445
Q01442,O01442,293361
Q01443,O01443,74098
Q01444,O01444,150201
Q01445,O01445,58253
Q01446,O01446,215537
Q01447,O01447,92386
Q01448,O01448,218880
Q01449,O01449,18162
Q01450,O01450,48409
Q01451,O01451,66243
Q01452,O01452,222977
Q01453,O01453,157186
Q01454,O01454,265003
Q01455,O01455,102329
Q01456,O01456,158827
Q01457,O01457,226641
Q01458,O01458,165762
Q01459,O01459,163455
Q01460,O01460,181672
Q01461,O01461,55507
Q01462,O01462,210958
Q01463,O01463,245492
Q01464,O01464,164654
Q01465,O01465,189457
Q01466,O01466,57726
Q01467,O01467,91023
Q01468,O01468,258524
Q01469,O01469,295214
Q01470,O01470,285458
Q01471,O01471,64823
Q01472,O01472,127308
Q01473,O01473,175814
Q01474,O01474,124543
Q01475,O01475,102610
Q01476,O01476,166167
Q01477,O01477,257728
Q01478,O01478,286237
Q01479,O01479,150144
Q01480,O01480,276981
Q01481,O01481,125099
Q01482,O01482,94656
Q01483,O01483,196967
Q01484,O01484,140300
Q01485,O01485,232486
Q01486,O01486,37823
Q01487,O01487,208304
Q01488,O01488,173871
Q01489,O01489,197538
Q01490,O01490,203276
Q01491,O01491,235055
Q01492,O01492,200473
Q01493,O01493,194748
Q01494,O01494,202167
Q01495,O01495,172860
Q01496,O01496,195661
Q01497,O01497,60330
Q01498,O01498,103873
Q01499,O01499,205634
Q01500,O01500,220078
Q01501,O01501,59674
Q01502,O01502,261241
Q01503,O01503,89162
Q01504,O01504,50735
Q01505,O01505,127661
Q01506,O01506,66107
Q01507,O01507,124132
Q01508,O01508,122858
Q01509,O01509,241850
Q01510,O01510,165732
Q01511,O01511,204945
Q01512,O01512,111800
Q01513,O01513,244010
Q01514,O01514,272660
Q01515,O01515,53243
Q01516,O01516,83508
Q01517,O01517,296128
Q01518,O01518,19776
Q01519,O01519,245845
Q01520,O01520,101374
Q01521,O01521,264706
Q01522,O01522,135711
Q01523,O01523,297548
Q01524,O01524,292502
Q01525,O01525,291817
Q01526,O01526,134142
Q01527,O01527,182853
Q01528,O01528,76009
Q01529,O01529,159114
Q01530,O01530,22204
Q01531,O01531,176722
Q01532,O01532,219347
Q01533,O01533,222347
Q01534,O01534,116140
Q01535,O01535,110941
Q01536,O01536,147722
Q01537,O01537,212596
Q01538,O01538,274855
Q01539,O01539,117527
Q01540,O01540,247100
Q01541,O01541,216993
Q01542,O01542,41691
Q01543,O01543,112955
Q01544,O01544,256041
Q01545,O01545,110199
Q01546,O01546,167023
Q01547,O01547,140445
Q01548,O01548,155311
Q01549,O01549,298221
Q01550,O01550,198520
Q01551,O01551,246553
Q01552,O01552,102685
Q01553,O01553,254871
Q01554,O01554,220298
Q01555,O01555,110350
Q01556,O01556,197496
Q01557,O01557,275342
Q01558,O01558,134448
Q01559,O01559,149835
Q01560,O01560,61405
Q01561,O01561,190797
Q01562,O01562,162443
Q01563,O01563,17772
Q01564,O01564,86454
Q01565,O01565,181818
Q01566,O01566,185290
Q01567,O01567,30536
Q01568,O01568,183158
Q01569,O01569,232201
Q01570,O01570,151267
Q01571,O01571,273926
Q01572,O01572,212361
Q01573,O01573,186135
Q01574,O01574,150321
Q01575,O01575,251773
Q01576,O01576,59004
Q01577,O01577,108040
Q01578,O01578,225128
Q01579,O01579,166544
Q01580,O01580,78292
Q01581,O01581,292811
Q01582,O01582,236031
Q01583,O01583,290083
Q01584,O01584,134123
Q01585,O01585,45696
Q01586,O01586,243781
Q01587,O01587,40697
Q01588,O01588,29229
Q01589,O01589,58731
Q01590,O01590,110438
Q01591,O01591,32736
Q01592,O01592,280882
Q01593,O01593,269059
Q01594,O01594,135735
Q01595,O01595,136056
Q01596,O01596,233511
Q01597,O01597,280200
Q01598,O01598,195555
Q01599,O01599,189059
Q01600,O01600,258225
Q01601,O01601,95816
Q01602,O01602,285216
Q01603,O01603,35166
Q01604,O01604,259086
Q01605,O01605,294723
Q01606,O01606,103570
Q01607,O01607,96209
Q01608,O01608,10537
Q01609,O01609,217889
Q01610,O01610,285954
Q01611,O01611,84217
Q01612,O01612,219412
Q01613,O01613,213967
Q01614,O01614,50185
Q01615,O01615,32392
Q01616,O01616,170299
Q01617,O01617,274704
Q01618,O01618,279573
Q01619,O01619,16608
Q01620,O01620,122778
Q01621,O01621,60356
Q01622,O01622,298008
Q01623,O01623,252264
Q01624,O01624,214809
Q01625,O01625,162075
Q01626,O01626,72029
Q01627,O01627,36926
Q01628,O01628,38978
Q01629,O01629,150078
Q01630,O01630,239417
Q01631,O01631,250232
Q01632,O01632,288646
Q01633,O01633,74126
Q01634,O01634,235701
Q01635,O01635,231718
Q01636,O01636,98276
Q01637,O01637,276238
Q01638,O01638,252205
Q01639,O01639,291842
Q01640,O01640,155250
Q01641,O01641,245139
Q01642,O01642,296033
Q01643,O01643,106665
Q01644,O01644,97366
Q01645,O01645,121792
Q01646,O01646,187881
Q01647,O01647,131656
Q01648,O01648,15996
Q01649,O01649,163335
Q01650,O01650,25905
Q01651,O01651,281495
Q01652,O01652,19934
Q01653,O01653,232016
Q01654,O01654,220196
Q01655,O01655,269710
Q01656,O01656,73967
Q01657,O01657,22366
Q01658,O01658,42454
Q01659,O01659,204168
Q01660,O01660,274278
Q01661,O01661,28027
Q01662,O01662,187558
Q01663,O01663,157117
Q01664,O01664,45442
Q01665,O01665,256372
Q01666,O01666,226485
Q01667,O01667,249379
Q01668,O01668,276178
Q01669,O01669,115316
Q01670,O01670,84987
Q01671,O01671,59181
Q01672,O01672,177603
Q01673,O01673,143776
Q01674,O01674,188683
Q01675,O01675,16506
Q01676,O01676,91075
Q01677,O01677,204720
Q01678,O01678,12564
Q01679,O01679,101849
Q01680,O01680,110631
Q01681,O01681,131060
Q01682,O01682,189268
Q01683,O01683,16611
Q01684,O01684,123514
Q01685,O01685,28003
Q01686,O01686,195333
Q01687,O01687,123735
Q01688,O01688,162589
Q01689,O01689,171808
Q01690,O01690,200001
Q01691,O01691,208121
Q01692,O01692,158920
Q01693,O01693,196781
Q01694,O01694,57362
Q01695,O01695,285551
Q01696,O01696,169969
Q01697,O01697,212511
Q01698,O01698,97480
Q01699,O01699,89568
Q01700,O01700,237862
Q01701,O01701,148177
Q01702,O01702,201773
Q01703,O01703,39593
Q01704,O01704,10133
Q01705,O01705,166183
Q01706,O01706,48201
Q01707,O01707,244891
Q01708,O01708,88783
Q01709,O01709,63673
Q01710,O01710,266327
Q01711,O01711,194721
Q01712,O01712,106379
Q01713,O01713,276586
Q01714,O01714,88621
Q01715,O01715,250606
Q01716,O01716,131061
Q01717,O01717,222796
Q01718,O01718,88102
Q01719,O01719,39344
Q01720,O01720,270188
Q01721,O01721,244880
Q01722,O01722,149380
Q01723,O01723,29919
Q01724,O01724,157892
Q01725,O01725,169867
Q01726,O01726,66171
Q01727,O01727,143278
Q01728,O01728,54079
Q01729,O01729,130850
Q01730,O01730,240848
Q01731,O01731,15919
Q01732,O01732,153167
Q01733,O01733,106969
Q01734,O01734,203881
Q01735,O01735,99237
Q01736,O01736,97857
Q01737,O01737,274286
Q01738,O01738,299653
Q01739,O01739,257527
Q01740,O01740,61279
Q01741,O01741,129960
Q01742,O01742,41264
Q01743,O01743,228723
Q01744,O01744,36794
Q01745,O01745,155590
Q01746,O01746,48372
Q01747,O01747,104134
Q01748,O01748,93286
Q01749,O01749,257435
Q01750,O01750,93456
Q01751,O01751,106222
Q01752,O01752,23789
Q01753,O01753,144993
Q01754,O01754,151338
Q01755,O01755,134194
Q01756,O01756,121115
Q01757,O01757,101834
Q01758,O01758,266289
Q01759,O01759,110425
Q01760,O01760,200773
Q01761,O01761,281191
Q01762,O01762,13967
Q01763,O01763,198401
Q01764,O01764,232969
Q01765,O01765,240966
Q01766,O01766,67862
Q01767,O01767,119794
Q01768,O01768,142468
Q01769,O01769,59324
Q01770,O01770,235578
Q01771,O01771,170607
Q01772,O01772,95977
Q01773,O01773,289606
Q01774,O01774,120571
Q01775,O01775,214334
Q01776,O01776,208277
Q01777,O01777,239630
Q01778,O01778,109824
Q01779,O01779,166269
Q01780,O01780,59682
Q01781,O01781,217876
Q01782,O01782,54523
Q01783,O01783,41399
Q01784,O01784,81871
Q01785,O01785,216335
Q01786,O01786,215626
Q01787,O01787,227180
Q01788,O01788,153880
Q01789,O01789,206547
Q01790,O01790,163486
Q01791,O01791,150302
Q01792,O01792,254116
Q01793,O01793,152053
Q01794,O01794,55986
Q01795,O01795,44886
Q01796,O01796,252253
Q01797,O01797,37837
Q01798,O01798,162325
Q01799,O01799,273818
Q01800,O01800,94564
Q01801,O01801,207062
Q01802,O01802,202874
Q01803,O01803,89316
Q01804,O01804,188009
Q01805,O01805,95102
Q01806,O01806,23996
Q01807,O01807,64355
Q01808,O01808,286214
Q01809,O01809,67505
Q01810,O01810,33025
Q01811,O01811,299545
Q01812,O01812,163813
Q01813,O01813,191038
Q01814,O01814,151137
Q01815,O01815,16859
Q01816,O01816,37898
Q01817,O01817,225699
Q01818,O01818,27140
Q01819,O01819,251660
Q01820,O01820,297649
Q01821,O01821,128390
Q01822,O01822,277501
Q01823,O01823,133240
Q01824,O01824,66551
Q01825,O01825,95968
Q01826,O01826,54013
Q01827,O01827,167862
Q01828,O01828,119216
Q01829,O01829,49487
Q01830,O01830,145257
Q01831,O01831,100267
Q01832,O01832,232592
Q01833,O01833,289651
Q01834,O01834,293331
Q01835,O01835,260260
Q01836,O01836,68975
Q01837,O01837,272602
Q01838,O01838,145505
Q01839,O01839,159153
Q01840,O01840,179946
Q01841,O01841,234290
Q01842,O01842,43370
Q01843,O01843,212593
Q01844,O01844,57011
Q01845,O01845,241022
Q01846,O01846,142685
Q01847,O01847,173483
Q01848,O01848,62700
Q01849,O01849,259251
Q01850,O01850,174752
Q01851,O01851,96156
Q01852,O01852,245106
Q01853,O01853,271226
Q01854,O01854,178675
Q01855,O01855,298854
Q01856,O01856,264759
Q01857,O01857,42367
Q01858,O01858,183863
Q01859,O01859,138905
Q01860,O01860,47094
Q01861,O01861,102383
Q01862,O01862,148116
Q01863,O01863,222607
Q01864,O01864,135335
Q01865,O01865,157723
Q01866,O01866,177493
Q01867,O01867,157782
Q01868,O01868,112328
Q01869,O01869,157824
Q01870,O01870,23475
Q01871,O01871,245378
Q01872,O01872,92232
Q01873,O01873,101306
Q01874,O01874,204765
Q01875,O01875,169986
Q01876,O01876,261930
Q01877,O01877,254076
Q01878,O01878,55962
Q01879,O01879,32743
Q01880,O01880,122789
Q01881,O01881,246192
Q01882,O01882,126181
Q01883,O01883,103744
Q01884,O01884,114088
Q01885,O01885,81034
Q01886,O01886,62462
Q01887,O01887,253611
Q01888,O01888,260833
Q01889,O01889,177673
Q01890,O01890,198183
Q01891,O01891,85063
Q01892,O01892,180618
Q01893,O01893,211866
Q01894,O01894,10125
Q01895,O01895,157416
Q01896,O01896,259026
Q01897,O01897,10472
Q01898,O01898,29424
Q01899,O01899,213714
Q01900,O01900,171302
Q01901,O01901,136412
Q01902,O01902,211865
Q01903,O01903,12878
Q01904,O01904,234861
Q01905,O01905,273382
Q01906,O01906,293712
Q01907,O01907,27913
Q01908,O01908,35223
Q01909,O01909,266853
Q01910,O01910,266128
Q01911,O01911,66831
Q01912,O01912,106064
Q01913,O01913,290388
Q01914,O01914,206298
Q01915,O01915,165984
Q01916,O01916,168309
Q01917,O01917,137491
Q01918,O01918,50447
Q01919,O01919,61794
Q01920,O01920,125729
Q01921,O01921,199514
Q01922,O01922,179309
Q01923,O01923,244110
Q01924,O01924,285644
Q01925,O01925,257723
Q01926,O01926,257942
Q01927,O01927,207160
Q01928,O01928,15498
Q01929,O01929,268152
Q01930,O01930,54816
Q01931,O01931,183114
Q01932,O01932,24093
Q01933,O01933,246499
Q01934,O01934,168675
Q01935,O01935,117209
Q01936,O01936,235230
Q01937,O01937,26183
Q01938,O01938,287377
Q01939,O01939,222432
Q01940,O01940,143531
Q01941,O01941,82163
Q01942,O01942,297504
Q01943,O01943,268389
Q01944,O01944,29784
Q01945,O01945,268427
Q01946,O01946,141813
Q01947,O01947,142757
Q01948,O01948,122137
Q01949,O01949,66991
Q01950,O01950,73476
Q01951,O01951,81937
Q01952,O01952,247767
Q01953,O01953,293130
Q01954,O01954,103144
Q01955,O01955,96956
Q01956,O01956,16554
Q01957,O01957,99280
Q01958,O01958,139456
Q01959,O01959,229547
Q01960,O01960,122335
Q01961,O01961,151440
Q01962,O01962,274921
Q01963,O01963,272890
Q01964,O01964,94933
Q01965,O01965,248454
Q01966,O01966,20775
Q01967,O01967,27915
Q01968,O01968,271140
Q01969,O01969,268156
Q01970,O01970,209868
Q01971,O01971,56022
Q01972,O01972,207762
Q01973,O01973,133302
Q01974,O01974,161618
Q01975,O01975,63097
Q01976,O01976,81743
Q01977,O01977,93542
Q01978,O01978,113135
Q01979,O01979,44364
Q01980,O01980,207855
Q01981,O01981,50222
Q01982,O01982,163397
Q01983,O01983,283642
Q01984,O01984,55150
Q01985,O01985,23836
Q01986,O01986,236464
Q01987,O01987,65962
Q01988,O01988,285828
Q01989,O01989,113320
Q01990,O01990,174160
Q01991,O01991,176049
Q01992,O01992,215560
Q01993,O01993,248662
Q01994,O01994,67529
Q01995,O01995,214292
Q01996,O01996,187871
Q01997,O01997,219150
Q01998,O01998,194427
Q01999,O01999,242113
Q02000,O02000,259421
Q02001,O02001,160797
Q02002,O02002,131577
Q02003,O02003,168623
Q02004,O02004,150177
Q02005,O02005,215636
Q02006,O02006,261669
Q02007,O02007,149194
Q02008,O02008,214665
Q02009,O02009,30120
Q02010,O02010,123390
Q02011,O02011,265327
Q02012,O02012,148208
Q02013,O02013,221886
Q02014,O02014,128292
Q02015,O02015,244335
Q02016,O02016,213019
Q02017,O02017,109564
Q02018,O02018,29729
Q02019,O02019,38495
Q02020,O02020,274968
Q02021,O02021,223814
Q02022,O02022,104161
Q02023,O02023,86225
Q02024,O02024,40983
Q02025,O02025,101786
Q02026,O02026,100384
Q02027,O02027,10610
Q02028,O02028,184609
Q02029,O02029,23989
Q02030,O02030,262733
Q02031,O02031,99545
Q02032,O02032,19642
Q02033,O02033,115015
Q02034,O02034,162624
Q02035,O02035,281978
Q02036,O02036,118801
Q02037,O02037,294261
Q02038,O02038,176500
Q02039,O02039,262697
Q02040,O02040,254137
Q02041,O02041,41307
Q02042,O02042,15550
Q02043,O02043,35845
Q02044,O02044,37688
Q02045,O02045,63821
Q02046,O02046,90374
Q02047,O02047,91807
Q02048,O02048,240767
Q02049,O02049,237778
Q02050,O02050,241332
Q02051,O02051,23371
Q02052,O02052,136130
Q02053,O02053,177470
Q02054,O02054,172302
Q02055,O02055,202421
Q02056,O02056,119848
Q02057,O02057,52512
Q02058,O02058,21189
Q02059,O02059,48503
Q02060,O02060,100853
Q02061,O02061,49726
Q02062,O02062,262555
Q02063,O02063,85432
Q02064,O02064,134077
Q02065,O02065,288238
Q02066,O02066,240863
Q02067,O02067,247963
Q02068,O02068,95747
Q02069,O02069,292699
Q02070,O02070,190729
Q02071,O02071,227783
Q02072,O02072,52114
Q02073,O02073,269516
Q02074,O02074,270507
Q02075,O02075,275186
Q02076,O02076,98445
Q02077,O02077,172414
Q02078,O02078,282433
Q02079,O02079,27909
Q02080,O02080,110894
Q02081,O02081,224849
Q02082,O02082,215385
Q02083,O02083,235586
Q02084,O02084,201856
Q02085,O02085,272319
Q02086,O02086,74790
Q02087,O02087,197777
Q02088,O02088,160262
Q02089,O02089,231798
Q02090,O02090,204676
Q02091,O02091,105987
Q02092,O02092,256439
Q02093,O02093,110704
Q02094,O02094,18593
Q02095,O02095,240153
Q02096,O02096,51681
Q02097,O02097,68558
Q02098,O02098,12491
Q02099,O02099,127507
Q02100,O02100,271248
Q02101,O02101,68316
Q02102,O02102,166941
Q02103,O02103,79931
Q02104,O02104,182668
Q02105,O02105,54019
Q02106,O02106,119999
Q02107,O02107,256311
Q02108,O02108,61861
Q02109,O02109,94502
Q02110,O02110,97270
Q02111,O02111,218253
Q02112,O02112,97811
Q02113,O02113,294581
Q02114,O02114,124125
Q02115,O02115,49244
Q02116,O02116,70432
Q02117,O02117,79181
Q02118,O02118,39522
Q02119,O02119,79092
Q02120,O02120,163153
Q02121,O02121,132721
Q02122,O02122,141743
Q02123,O02123,251443
Q02124,O02124,157549
Q02125,O02125,278954
Q02126,O02126,78537
Q02127,O02127,14931
Q02128,O02128,297721
Q02129,O02129,191787
Q02130,O02130,107746
Q02131,O02131,106717
Q02132,O02132,268536
Q02133,O02133,34505
Q02134,O02134,139371
Q02135,O02135,148929
Q02136,O02136,55589
Q02137,O02137,36390
Q02138,O02138,204539
Q02139,O02139,144484
Q02140,O02140,156194
Q02141,O02141,29415
Q02142,O02142,100899
Q02143,O02143,119976
Q02144,O02144,217879
Q02145,O02145,204539
Q02146,O02146,14359
Q02147,O02147,40572
Q02148,O02148,220247
Q02149,O02149,112401
Q02150,O02150,169342
Q02151,O02151,250038
Q02152,O02152,295842
Q02153,O02153,144332
Q02154,O02154,119800
Q02155,O02155,82945
Q02156,O02156,135482
Q02157,O02157,211940
Q02158,O02158,255339
Q02159,O02159,18285
Q02160,O02160,140172
Q02161,O02161,243225
Q02162,O02162,122588
Q02163,O02163,228581
Q02164,O02164,197673
Q02165,O02165,125485
Q02166,O02166,155134
Q02167,O02167,181768
Q02168,O02168,196360
Q02169,O02169,124801
Q02170,O02170,276909
Q02171,O02171,109187
Q02172,O02172,169495
Q02173,O02173,193990
Q02174,O02174,297552
Q02175,O02175,56981
Q02176,O02176,245280
Q02177,O02177,123497
Q02178,O02178,12603
Q02179,O02179,277762
Q02180,O02180,77211
Q02181,O02181,212481
Q02182,O02182,86570
Q02183,O02183,207668
Q02184,O02184,290859
Q02185,O02185,275093
Q02186,O02186,88329
Q02187,O02187,20056
Q02188,O02188,238408
Q02189,O02189,232749
Q02190,O02190,211486
Q02191,O02191,105632
Q02192,O02192,107442
Q02193,O02193,199413
Q02194,O02194,196357
Q02195,O02195,291637
Q02196,O02196,132480
Q02197,O02197,47490
Q02198,O02198,239114
Q02199,O02199,30081
Q02200,O02200,235257
Q02201,O02201,260413
Q02202,O02202,114321
Q02203,O02203,68938
Q02204,O02204,289827
Q02205,O02205,158968
Q02206,O02206,127821
Q02207,O02207,48803
Q02208,O02208,246813
Q02209,O02209,236711
Q02210,O02210,55685
Q02211,O02211,217938
Q02212,O02212,195131
Q02213,O02213,265311
Q02214,O02214,83924
Q02215,O02215,17274
Q02216,O02216,106561
Q02217,O02217,142012
Q02218,O02218,120140
Q02219,O02219,83889
Q02220,O02220,135029
Q02221,O02221,166787
Q02222,O02222,196993
Q02223,O02223,275017
Q02224,O02224,118784
Q02225,O02225,182352
Q02226,O02226,82129
Q02227,O02227,157721
Q02228,O02228,28010
Q02229,O02229,202393
Q02230,O02230,248936
Q02231,O02231,219391
Q02232,O02232,183273
Q02233,O02233,20526
Q02234,O02234,198708
Q02235,O02235,211060
Q02236,O02236,82828
Q02237,O02237,158569
Q02238,O02238,121537
Q02239,O02239,256659
Q02240,O02240,254383
Q02241,O02241,245122
Q02242,O02242,233354
Q02243,O02243,201943
Q02244,O02244,249679
Q02245,O02245,282489
Q02246,O02246,68134
Q02247,O02247,245241
Q02248,O02248,60848
Q02249,O02249,201568
Q02250,O02250,184435
Q02251,O02251,132907
Q02252,O02252,214851
Q02253,O02253,146340
Q02254,O02254,265016
Q02255,O02255,42357
Q02256,O02256,291444
Q02257,O02257,234654
Q02258,O02258,203321
Q02259,O02259,243469
Q02260,O02260,203026
Q02261,O02261,203431
Q02262,O02262,199872
Q02263,O02263,77030
Q02264,O02264,93636
Q02265,O02265,11189
Q02266,O02266,115428
Q02267,O02267,36169
Q02268,O02268,77917
Q02269,O02269,60330
Q02270,O02270,208738
Q02271,O02271,79893
Q02272,O02272,165454
Q02273,O02273,185008
Q02274,O02274,54916
Q02275,O02275,16427
Q02276,O02276,198615
Q02277,O02277,19000
Q02278,O02278,64766
Q02279,O02279,21231
Q02280,O02280,298740
Q02281,O02281,147197
Q02282,O02282,22055
Q02283,O02283,100670
Q02284,O02284,35216
Q02285,O02285,97772
Q02286,O02286,132447
Q02287,O02287,132741
Q02288,O02288,278082
Q02289,O02289,87348
Q02290,O02290,253510
Q02291,O02291,196605
Q02292,O02292,252825
Q02293,O02293,205672
Q02294,O02294,13443
Q02295,O02295,62469
Q02296,O02296,107841
Q02297,O02297,137422
Q02298,O02298,77083
Q02299,O02299,30750
Q02300,O02300,174031
Q02301,O02301,166258
Q02302,O02302,155466
Q02303,O02303,138297
Q02304,O02304,189993
Q02305,O02305,177165
Q02306,O02306,137417
Q02307,O02307,270046
Q02308,O02308,205340
Q02309,O02309,93540
Q02310,O02310,52794
Q02311,O02311,200873
Q02312,O02312,291430
Q02313,O02313,86688
Q02314,O02314,280782
Q02315,O02315,96953
Q02316,O02316,118226
Q02317,O02317,227390
Q02318,O02318,225130
Q02319,O02319,25139
Q02320,O02320,76128
Q02321,O02321,265332
Q02322,O02322,75289
Q02323,O02323,254333
Q02324,O02324,296089
Q02325,O02325,16759
Q02326,O02326,155771
Q02327,O02327,239956
Q02328,O02328,268887
Q02329,O02329,147181
Q02330,O02330,43284
Q02331,O02331,213294
Q02332,O02332,45708
Q02333,O02333,20456
Q02334,O02334,210543
Q02335,O02335,221704
Q02336,O02336,191406
Q02337,O02337,218702
Q02338,O02338,209414
Q02339,O02339,63397
Q02340,O02340,210000
Q02341,O02341,202438
Q02342,O02342,82685
Q02343,O02343,123716
Q02344,O02344,287886
Q02345,O02345,263789
Q02346,O02346,19887
Q02347,O02347,36419
Q02348,O02348,66062
Q02349,O02349,30814
Q02350,O02350,120027
Q02351,O02351,81712
Q02352,O02352,21677
Q02353,O02353,24929
Q02354,O02354,131855
Q02355,O02355,296511
Q02356,O02356,264132
Q02357,O02357,110472
Q02358,O02358,12865
Q02359,O02359,87675
Q02360,O02360,127532
Q02361,O02361,127464
Q02362,O02362,136989
Q02363,O02363,160275
Q02364,O02364,132489
Q02365,O02365,75978
Q02366,O02366,273774
Q02367,O02367,70430
Q02368,O02368,294149
Q02369,O02369,97059
Q02370,O02370,44572
Q02371,O02371,270314
Q02372,O02372,274747
Q02373,O02373,215521
Q02374,O02374,26229
Q02375,O02375,140156
Q02376,O02376,156210
Q02377,O02377,243533
Q02378,O02378,236442
Q02379,O02379,121228
Q02380,O02380,150785
Q02381,O02381,117176
Q02382,O02382,93662
Q02383,O02383,154810
Q02384,O02384,18685
Q02385,O02385,295021
Q02386,O02386,166839
Q02387,O02387,258278
Q02388,O02388,126647
Q02389,O02389,14336
Q02390,O02390,33837
Q02391,O02391,293334
Q02392,O02392,261664
Q02393,O02393,216412
Q02394,O02394,244408
Q02395,O02395,107322
Q02396,O02396,243418
Q02397,O02397,46793
Q02398,O02398,235238
Q02399,O02399,49315
Q02400,O02400,90854
Q02401,O02401,214931
Q02402,O02402,238780
Q02403,O02403,109376
Q02404,O02404,181297
Q02405,O02405,163968
Q02406,O02406,84227
Q02407,O02407,105747
Q02408,O02408,31572
Q02409,O02409,265165
Q02410,O02410,97826
Q02411,O02411,202144
Q02412,O02412,61584
Q02413,O02413,220037
Q02414,O02414,130312
Q02415,O02415,40048
Q02416,O02416,122538
Q02417,O02417,112517
Q02418,O02418,45414
Q02419,O02419,23545
Q02420,O02420,35887
Q02421,O02421,135560
Q02422,O02422,26241
Q02423,O02423,129915
Q02424,O02424,284900
Q02425,O02425,28342
Q02426,O02426,125633
Q02427,O02427,122975
Q02428,O02428,203379
Q02429,O02429,13536
Q02430,O02430,219981
Q02431,O02431,68332
Q02432,O02432,155859
Q02433,O02433,158578
Q02434,O02434,49047
Q02435,O02435,90665
Q02436,O02436,83472
Q02437,O02437,88322
Q02438,O02438,174668
Q02439,O02439,75241
Q02440,O02440,35426
Q02441,O02441,135104
Q02442,O02442,296667
Q02443,O02443,101345
Q02444,O02444,16695
Q02445,O02445,30753
Q02446,O02446,245909
Q02447,O02447,63168
Q02448,O02448,140149
Q02449,O02449,299275
Q02450,O02450,165620
Q02451,O02451,239833
Q02452,O02452,216185
Q02453,O02453,101845
Q02454,O02454,124245
Q02455,O02455,61490
Q02456,O02456,25403
Q02457,O02457,141000
Q02458,O02458,285462
Q02459,O02459,185436
Q02460,O02460,241505
Q02461,O02461,205831
Q02462,O02462,195558
Q02463,O02463,96733
Q02464,O02464,101655
Q02465,O02465,138007
Q02466,O02466,118046
Q02467,O02467,267867
Q02468,O02468,203323
Q02469,O02469,16525
Q02470,O02470,224336
Q02471,O02471,86128
Q02472,O02472,71423
Q02473,O02473,56438
Q02474,O02474,127262
Q02475,O02475,38761
Q02476,O02476,225745
Q02477,O02477,142716
Q02478,O02478,17155
Q02479,O02479,191169
Q02480,O02480,212614
Q02481,O02481,65783
Q02482,O02482,70795
Q02483,O02483,262294
Q02484,O02484,109317
Q02485,O02485,109276
Q02486,O02486,177365
Q02487,O02487,65805
Q02488,O02488,119650
Q02489,O02489,174250
Q02490,O02490,230900
Q02491,O02491,137576
Q02492,O02492,54506
Q02493,O02493,244329
Q02494,O02494,174963
Q02495,O02495,78608
Q02496,O02496,50625
Q02497,O02497,176233
Q02498,O02498,101844
Q02499,O02499,157730
Q02500,O02500,121052
Q02501,O02501,60565
Q02502,O02502,148235
Q02503,O02503,196919
Q02504,O02504,242738
Q02505,O02505,293578
Q02506,O02506,109361
Q02507,O02507,163699
Q02508,O02508,198424
Q02509,O02509,238687
Q02510,O02510,165582
Q02511,O02511,44744
Q02512,O02512,63596
Q02513,O02513,103310
Q02514,O02514,45934
Q02515,O02515,19164
Q02516,O02516,238025
Q02517,O02517,58040
Q02518,O02518,202938
Q02519,O02519,132043
Q02520,O02520,267956
Q02521,O02521,147181
Q02522,O02522,247755
Q02523,O02523,49024
Q02524,O02524,263808
Q02525,O02525,265916
Q02526,O02526,112917
Q02527,O02527,50362
Q02528,O02528,225493
Q02529,O02529,280651
Q02530,O02530,128110
Q02531,O02531,82349
Q02532,O02532,280223
Q02533,O02533,158358
Q02534,O02534,94991
Q02535,O02535,241773
Q02536,O02536,161839
Q02537,O02537,106521
Q02538,O02538,209157
Q02539,O02539,197205
Q02540,O02540,144813
Q02541,O02541,123107
Q02542,O02542,210686
Q02543,O02543,68557
Q02544,O02544,127917
Q02545,O02545,130192
Q02546,O02546,205931
Q02547,O02547,183563
Q02548,O02548,155521
Q02549,O02549,207175
Q02550,O02550,28276
Q02551,O02551,155568
Q02552,O02552,133535
Q02553,O02553,209399
Q02554,O02554,247984
Q02555,O02555,209890
Q02556,O02556,295492
Q02557,O02557,108722
Q02558,O02558,281764
Q02559,O02559,233158
Q02560,O02560,95387
Q02561,O02561,228549
Q02562,O02562,53099
Q02563,O02563,98757
Q02564,O02564,193462
Q02565,O02565,46143
Q02566,O02566,79866
Q02567,O02567,182267
Q02568,O02568,254556
Q02569,O02569,15778
Q02570,O02570,259799
Q02571,O02571,260663
Q02572,O02572,221371
Q02573,O02573,297836
Q02574,O02574,181413
Q02575,O02575,11489
Q02576,O02576,193895
Q02577,O02577,36790
Q02578,O02578,286187
Q02579,O02579,32179
Q02580,O02580,120356
Q02581,O02581,212591
Q02582,O02582,245687
Q02583,O02583,31379
Q02584,O02584,45886
Q02585,O02585,61632
Q02586,O02586,224052
Q02587,O02587,137699
Q02588,O02588,133047
Q02589,O02589,240192
Q02590,O02590,167433
Q02591,O02591,138385
Q02592,O02592,143118
Q02593,O02593,192220
Q02594,O02594,115168
Q02595,O02595,235493
Q02596,O02596,214271
Q02597,O02597,45646
Q02598,O02598,72160
Q02599,O02599,261595
Q02600,O02600,101228
Q02601,O02601,147913
Q02602,O02602,128806
Q02603,O02603,211478
Q02604,O02604,144593
Q02605,O02605,254297
Q02606,O02606,118103
Q02607,O02607,111998
Q02608,O02608,48981
Q02609,O02609,130959
Q02610,O02610,113651
Q02611,O02611,214781
Q02612,O02612,285840
Q02613,O02613,112351
Q02614,O02614,188704
Q02615,O02615,118810
Q02616,O02616,88559
Q02617,O02617,78950
Q02618,O02618,250198
Q02619,O02619,249061
Q02620,O02620,213883
Q02621,O02621,196326
Q02622,O02622,181717
Q02623,O02623,145840
Q02624,O02624,166275
Q02625,O02625,228053
Q02626,O02626,162473
Q02627,O02627,224886
Q02628,O02628,67490
Q02629,O02629,118209
Q02630,O02630,14662
Q02631,O02631,177303
Q02632,O02632,133806
Q02633,O02633,60679
Q02634,O02634,171394
Q02635,O02635,37259
Q02636,O02636,185029
Q02637,O02637,249291
Q02638,O02638,275790
Q02639,O02639,231298
Q02640,O02640,192906
Q02641,O02641,63363
Q02642,O02642,127417
Q02643,O02643,209400
Q02644,O02644,96848
Q02645,O02645,37414
Q02646,O02646,260574
Q02647,O02647,129002
Q02648,O02648,264764
Q02649,O02649,228252
Q02650,O02650,155740
Q02651,O02651,271012
Q02652,O02652,120601
Q02653,O02653,101886
Q02654,O02654,59657
Q02655,O02655,109444
Q02656,O02656,221886
Q02657,O02657,50951
Q02658,O02658,244395
Q02659,O02659,64658
Q02660,O02660,294894
Q02661,O02661,41080
Q02662,O02662,247227
Q02663,O02663,243381
Q02664,O02664,234904
Q02665,O02665,98385
Q02666,O02666,76690
Q02667,O02667,52330
Q02668,O02668,35696
Q02669,O02669,167935
Q02670,O02670,241473
Q02671,O02671,74677
Q02672,O02672,230065
Q02673,O02673,76043
Q02674,O02674,133699
Q02675,O02675,33992
Q02676,O02676,60174
Q02677,O02677,248861
Q02678,O02678,145414
Q02679,O02679,128314
Q02680,O02680,167974
Q02681,O02681,108212
Q02682,O02682,84736
Q02683,O02683,260360
Q02684,O02684,15284
Q02685,O02685,34897
Q02686,O02686,174578
Q02687,O02687,199714
Q02688,O02688,84844
Q02689,O02689,57495
Q02690,O02690,147925
Q02691,O02691,280640
Q02692,O02692,104179
Q02693,O02693,291759
Q02694,O02694,219868
Q02695,O02695,55760
Q02696,O02696,198883
Q02697,O02697,105939
Q02698,O02698,269250
Q02699,O02699,232165
Q02700,O02700,241503
Q02701,O02701,101996
Q02702,O02702,129823
Q02703,O02703,281117
Q02704,O02704,177928
Q02705,O02705,114606
Q02706,O02706,49217
Q02707,O02707,146266
Q02708,O02708,140304
Q02709,O02709,194711
Q02710,O02710,76277
Q02711,O02711,178579
Q02712,O02712,86018
Q02713,O02713,195100
Q02714,O02714,182894
Q02715,O02715,79741
Q02716,O02716,239869
Q02717,O02717,220104
Q02718,O02718,276963
Q02719,O02719,178371
Q02720,O02720,199305
Q02721,O02721,128716
Q02722,O02722,34945
Q02723,O02723,148721
Q02724,O02724,199406
Q02725,O02725,60310
Q02726,O02726,109754
Q02727,O02727,121404
Q02728,O02728,105663
Q02729,O02729,131930
Q02730,O02730,192065
Q02731,O02731,100534
Q02732,O02732,109829
Q02733,O02733,142166
Q02734,O02734,129681
Q02735,O02735,83029
Q02736,O02736,107635
Q02737,O02737,54101
Q02738,O02738,211014
Q02739,O02739,123312
Q02740,O02740,230263
Q02741,O02741,41556
Q02742,O02742,131199
Q02743,O02743,39843
Q02744,O02744,170618
Q02745,O02745,186797
Q02746,O02746,13839
Q02747,O02747,39091
Q02748,O02748,158358
Q02749,O02749,237336
Q02750,O02750,33732
Q02751,O02751,29207
Q02752,O02752,61951
Q02753,O02753,124513
Q02754,O02754,258576
Q02755,O02755,188156
Q02756,O02756,13602
Q02757,O02757,30381
Q02758,O02758,68723
Q02759,O02759,225502
Q02760,O02760,229798
Q02761,O02761,182131
Q02762,O02762,293565
Q02763,O02763,75222
Q02764,O02764,243948
Q02765,O02765,147171
Q02766,O02766,103878
Q02767,O02767,99293
Q02768,O02768,292632
Q02769,O02769,104679
Q02770,O02770,292091
Q02771,O02771,13428
Q02772,O02772,278180
Q02773,O02773,92640
Q02774,O02774,254927
Q02775,O02775,274835
Q02776,O02776,106776
Q02777,O02777,164003
Q02778,O02778,10693
Q02779,O02779,110893
Q02780,O02780,89890
Q02781,O02781,54051
Q02782,O02782,43365
Q02783,O02783,176659
Q02784,O02784,27583
Q02785,O02785,237291
Q02786,O02786,90859
Q02787,O02787,74152
Q02788,O02788,98194
Q02789,O02789,92722
Q02790,O02790,286415
Q02791,O02791,263804
Q02792,O02792,253411
Q02793,O02793,195113
Q02794,O02794,92723
Q02795,O02795,259124
Q02796,O02796,291122
Q02797,O02797,134135
Q02798,O02798,255166
Q02799,O02799,237376
Q02800,O02800,197927
Q02801,O02801,195119
Q02802,O02802,208909
Q02803,O02803,270171
Q02804,O02804,188901
Q02805,O02805,214810
Q02806,O02806,283806
Q02807,O02807,46136
Q02808,O02808,52713
Q02809,O02809,34049
Q02810,O02810,149113
Q02811,O02811,14950
Q02812,O02812,31508
Q02813,O02813,184605
Q02814,O02814,22005
Q02815,O02815,227773
Q02816,O02816,119510
Q02817,O02817,270197
Q02818,O02818,127998
Q02819,O02819,120476
Q02820,O02820,241194
Q02821,O02821,92235
Q02822,O02822,272255
Q02823,O02823,101628
Q02824,O02824,252057
Q02825,O02825,253675
Q02826,O02826,33869
Q02827,O02827,165035
Q02828,O02828,139198
Q02829,O02829,57363
Q02830,O02830,90665
Q02831,O02831,70563
Q02832,O02832,248511
Q02833,O02833,67546
Q02834,O02834,284649
Q02835,O02835,227271
Q02836,O02836,28081
Q02837,O02837,244286
Q02838,O02838,95390
Q02839,O02839,168534
Q02840,O02840,131755
Q02841,O02841,183432
Q02842,O02842,47801
Q02843,O02843,288047
Q02844,O02844,254644
Q02845,O02845,56555
Q02846,O02846,229700
Q02847,O02847,164213
Q02848,O02848,217025
Q02849,O02849,268085
Q02850,O02850,121525
Q02851,O02851,150746
Q02852,O02852,13234
Q02853,O02853,174087
Q02854,O02854,85761
Q02855,O02855,116438
Q02856,O02856,41445
Q02857,O02857,59880
Q02858,O02858,156108
Q02859,O02859,129313
Q02860,O02860,249427
Q02861,O02861,150509
Q02862,O02862,84768
Q02863,O02863,73007
Q02864,O02864,37577
Q02865,O02865,17962
Q02866,O02866,92684
Q02867,O02867,149738
Q02868,O02868,258202
Q02869,O02869,166498
Q02870,O02870,153212
Q02871,O02871,262479
Q02872,O02872,103850
Q02873,O02873,48677
Q02874,O02874,188577
Q02875,O02875,90751
Q02876,O02876,116266
Q02877,O02877,118259
Q02878,O02878,115403
Q02879,O02879,223109
Q02880,O02880,250632
Q02881,O02881,270408
Q02882,O02882,66496
Q02883,O02883,205835
Q02884,O02884,12075
Q02885,O02885,121111
Q02886,O02886,211054
Q02887,O02887,238755
Q02888,O02888,194893
Q02889,O02889,74911
Q02890,O02890,209534
Q02891,O02891,106496
Q02892,O02892,247981
Q02893,O02893,288556
Q02894,O02894,290993
Q02895,O02895,78554
Q02896,O02896,93655
Q02897,O02897,166069
Q02898,O02898,22970
Q02899,O02899,146169
Q02900,O02900,294545
Q02901,O02901,280213
Q02902,O02902,52799
Q02903,O02903,66968
Q02904,O02904,293232
Q02905,O02905,57094
Q02906,O02906,176260
Q02907,O02907,55347
Q02908,O02908,30653
Q02909,O02909,170175
Q02910,O02910,273386
Q02911,O02911,101650
Q02912,O02912,292605
Q02913,O02913,169459
Q02914,O02914,298128
Q02915,O02915,139168
Q02916,O02916,235433
Q02917,O02917,39793
Q02918,O02918,45269
Q02919,O02919,80594
Q02920,O02920,193235
Q02921,O02921,101316
Q02922,O02922,289975
Q02923,O02923,119237
Q02924,O02924,143343
Q02925,O02925,106539
Q02926,O02926,223143
Q02927,O02927,83426
Q02928,O02928,293371
Q02929,O02929,290459
Q02930,O02930,100128
Q02931,O02931,66862
Q02932,O02932,101863
Q02933,O02933,44085
Q02934,O02934,14241
Q02935,O02935,235871
Q02936,O02936,86220
Q02937,O02937,203240
Q02938,O02938,53404
Q02939,O02939,91331
Q02940,O02940,110370
Q02941,O02941,190699
Q02942,O02942,110274
Q02943,O02943,109802
Q02944,O02944,209589
Q02945,O02945,98138
Q02946,O02946,176340
Q02947,O02947,26719
Q02948,O02948,168922
Q02949,O02949,17422
Q02950,O02950,296250
Q02951,O02951,155777
Q02952,O02952,207561
Q02953,O02953,118245
Q02954,O02954,272121
Q02955,O02955,36052
Q02956,O02956,91229
Q02957,O02957,246638
Q02958,O02958,248654
Q02959,O02959,210751
Q02960,O02960,118437
Q02961,O02961,267224
Q02962,O02962,192677
Q02963,O02963,127434
Q02964,O02964,59861
Q02965,O02965,299028
Q02966,O02966,266576
Q02967,O02967,157381
Q02968,O02968,119419
Q02969,O02969,289770
Q02970,O02970,217860
Q02971,O02971,25122
Q02972,O02972,69120
Q02973,O02973,137709
Q02974,O02974,190136
Q02975,O02975,34075
Q02976,O02976,141742
Q02977,O02977,219624
Q02978,O02978,128670
Q02979,O02979,190178
Q02980,O02980,32508
Q02981,O02981,158520
Q02982,O02982,157991
Q02983,O02983,153344
Q02984,O02984,260192
Q02985,O02985,118360
Q02986,O02986,192884
Q02987,O02987,205475
Q02988,O02988,179232
Q02989,O02989,27955
Q02990,O02990,79971
Q02991,O02991,133115
Q02992,O02992,28201
Q02993,O02993,198095
Q02994,O02994,92627
Q02995,O02995,119236
Q02996,O02996,130230
Q02997,O02997,297662
Q02998,O02998,79887
Q02999,O02999,160643
Q03000,O03000,62556
Q03001,O03001,177664
Q03002,O03002,216188
Q03003,O03003,169919
Q03004,O03004,264925
Q03005,O03005,105552
Q03006,O03006,86932
Q03007,O03007,105817
Q03008,O03008,55971
Q03009,O03009,91606
Q03010,O03010,152459
Q03011,O03011,28283
Q03012,O03012,250560
Q03013,O03013,73651
Q03014,O03014,233976
Q03015,O03015,252208
Q03016,O03016,270102
Q03017,O03017,120456
Q03018,O03018,289711
Q03019,O03019,174892
Q03020,O03020,111898
Q03021,O03021,101273
Q03022,O03022,70304
Q03023,O03023,31008
Q03024,O03024,235549
Q03025,O03025,38826
Q03026,O03026,58471
Q03027,O03027,210595
Q03028,O03028,283276
Q03029,O03029,26720
Q03030,O03030,278324
Q03031,O03031,181779
Q03032,O03032,63473
Q03033,O03033,271151
Q03034,O03034,174108
Q03035,O03035,131802
Q03036,O03036,234627
Q03037,O03037,160405
Q03038,O03038,180518
Q03039,O03039,51481
Q03040,O03040,38813
Q03041,O03041,283648
Q03042,O03042,252251
Q03043,O03043,161992
Q03044,O03044,295854
Q03045,O03045,290054
Q03046,O03046,288614
Q03047,O03047,291285
Q03048,O03048,52356
Q03049,O03049,223463
Q03050,O03050,110745
Q03051,O03051,14369
Q03052,O03052,122246
Q03053,O03053,11527
Q03054,O03054,22534
Q03055,O03055,83976
Q03056,O03056,69802
Q03057,O03057,224757
Q03058,O03058,191513
Q03059,O03059,206271
Q03060,O03060,122862
Q03061,O03061,282664
Q03062,O03062,271289
Q03063,O03063,69701
Q03064,O03064,223304
Q03065,O03065,18534
Q03066,O03066,144563
Q03067,O03067,170012
Q03068,O03068,38335
Q03069,O03069,186256
Q03070,O03070,226202
Q03071,O03071,291498
Q03072,O03072,239516
Q03073,O03073,36123
Q03074,O03074,84230
Q03075,O03075,169577
Q03076,O03076,124734
Q03077,O03077,285528
Q03078,O03078,278701
Q03079,O03079,269336
Q03080,O03080,231741
Q03081,O03081,202113
Q03082,O03082,89631
Q03083,O03083,247809
Q03084,O03084,16568
Q03085,O03085,279566
Q03086,O03086,158890
Q03087,O03087,10932
Q03088,O03088,139377
Q03089,O03089,65027
Q03090,O03090,62726
Q03091,O03091,77686
Q03092,O03092,86023
Q03093,O03093,65206
Q03094,O03094,260482
Q03095,O03095,248586
Q03096,O03096,274818
Q03097,O03097,124268
Q03098,O03098,202797
Q03099,O03099,263083
Q03100,O03100,216014
Q03101,O03101,157088
Q03102,O03102,152334
Q03103,O03103,25299
Q03104,O03104,223219
Q03105,O03105,235523
Q03106,O03106,291299
Q03107,O03107,110713
Q03108,O03108,253931
Q03109,O03109,132768
Q03110,O03110,159082
Q03111,O03111,21568
Q03112,O03112,247763
Q03113,O03113,51972
Q03114,O03114,277810
Q03115,O03115,161151
Q03116,O03116,288373
Q03117,O03117,179512
Q03118,O03118,20693
Q03119,O03119,72628
Q03120,O03120,178383
Q03121,O03121,149754
Q03122,O03122,103829
Q03123,O03123,185395
Q03124,O03124,166252
Q03125,O03125,211715
Q03126,O03126,202744
Q03127,O03127,123333
Q03128,O03128,195285
Q03129,O03129,224260
Q03130,O03130,177623
Q03131,O03131,183764
Q03132,O03132,287227
Q03133,O03133,123611
Q03134,O03134,242918
Q03135,O03135,76518
Q03136,O03136,35415
Q03137,O03137,250278
Q03138,O03138,213158
Q03139,O03139,112571
Q03140,O03140,81613
Q03141,O03141,114622
Q03142,O03142,177041
Q03143,O03143,77029
Q03144,O03144,270358
Q03145,O03145,145259
Q03146,O03146,157819
Q03147,O03147,198798
Q03148,O03148,201145
Q03149,O03149,191362
Q03150,O03150,224593
Q03151,O03151,128492
Q03152,O03152,29709
Q03153,O03153,176344
Q03154,O03154,28259
Q03155,O03155,65697
Q03156,O03156,279431
Q03157,O03157,16269
Q03158,O03158,29667
Q03159,O03159,235627
Q03160,O03160,193764
Q03161,O03161,176084
Q03162,O03162,144898
Q03163,O03163,94850
Q03164,O03164,46631
Q03165,O03165,228668
Q03166,O03166,240047
Q03167,O03167,113976
Q03168,O03168,153244
Q03169,O03169,88693
Q03170,O03170,89773
Q03171,O03171,116509
Q03172,O03172,208534
Q03173,O03173,161452
Q03174,O03174,122788
Q03175,O03175,35589
Q03176,O03176,136107
Q03177,O03177,107111
Q03178,O03178,29114
Q03179,O03179,138934
Q03180,O03180,190058
Q03181,O03181,38314
Q03182,O03182,240370
Q03183,O03183,183195
Q03184,O03184,271624
Q03185,O03185,158524
Q03186,O03186,160477
Q03187,O03187,79649
Q03188,O03188,264230
Q03189,O03189,83730
Q03190,O03190,174927
Q03191,O03191,46847
Q03192,O03192,50927
Q03193,O03193,74004
Q03194,O03194,299657
Q03195,O03195,230376
Q03196,O03196,136554
Q03197,O03197,139623
Q03198,O03198,192470
Q03199,O03199,228348
Q03200,O03200,190447
Q03201,O03201,75904
Q03202,O03202,84572
Q03203,O03203,30183
Q03204,O03204,261460
Q03205,O03205,129158
Q03206,O03206,252967
Q03207,O03207,62804
Q03208,O03208,128388
Q03209,O03209,247787
Q03210,O03210,108640
Q03211,O03211,221205
Q03212,O03212,246819
Q03213,O03213,253374
Q03214,O03214,158113
Q03215,O03215,170039
Q03216,O03216,258592
Q03217,O03217,263341
Q03218,O03218,262662
Q03219,O03219,233238
Q03220,O03220,182428
Q03221,O03221,81562
Q03222,O03222,14812
Q03223,O03223,293065
Q03224,O03224,264149
Q03225,O03225,214030
Q03226,O03226,35321
Q03227,O03227,25616
Q03228,O03228,267666
Q03229,O03229,176508
Q03230,O03230,89339
Q03231,O03231,22714
Q03232,O03232,275157
Q03233,O03233,130844
Q03234,O03234,265808
Q03235,O03235,186793
Q03236,O03236,102724
Q03237,O03237,31412
Q03238,O03238,118117
Q03239,O03239,23204
Q03240,O03240,280803
Q03241,O03241,171046
Q03242,O03242,130640
Q03243,O03243,14491
Q03244,O03244,129321
Q03245,O03245,93241
Q03246,O03246,248245
Q03247,O03247,135558
Q03248,O03248,235476
Q03249,O03249,222858
Q03250,O03250,142096
Q03251,O03251,169231
Q03252,O03252,66205
Q03253,O03253,62065
Q03254,O03254,283628
Q03255,O03255,104393
Q03256,O03256,245801
Q03257,O03257,62630
Q03258,O03258,260226
Q03259,O03259,200132
Q03260,O03260,258106
Q03261,O03261,259468
Q03262,O03262,283857
Q03263,O03263,168907
Q03264,O03264,182352
Q03265,O03265,257237
Q03266,O03266,74776
Q03267,O03267,212125
Q03268,O03268,267189
Q03269,O03269,201221
Q03270,O03270,73144
Q03271,O03271,124448
Q03272,O03272,72039
Q03273,O03273,138791
Q03274,O03274,238588
Q03275,O03275,28696
Q03276,O03276,64317
Q03277,O03277,146525
Q03278,O03278,279197
Q03279,O03279,162032
Q03280,O03280,251837
Q03281,O03281,115667
Q03282,O03282,248417
Q03283,O03283,46240
Q03284,O03284,190855
Q03285,O03285,109442
Q03286,O03286,283055
Q03287,O03287,253342
Q03288,O03288,236410
Q03289,O03289,132982
Q03290,O03290,27639
Q03291,O03291,220917
Q03292,O03292,280345
Q03293,O03293,255033
Q03294,O03294,297119
Q03295,O03295,165525
Q03296,O03296,196635
Q03297,O03297,158821
Q03298,O03298,181461
Q03299,O03299,250970
Q03300,O03300,208856
Q03301,O03301,114415
Q03302,O03302,38392
Q03303,O03303,100578
Q03304,O03304,93637
Q03305,O03305,102185
Q03306,O03306,70848
Q03307,O03307,120636
Q03308,O03308,24459
Q03309,O03309,55759
Q03310,O03310,193107
Q03311,O03311,143805
Q03312,O03312,158202
Q03313,O03313,278675
Q03314,O03314,250626
Q03315,O03315,168192
Q03316,O03316,290254
Q03317,O03317,114024
Q03318,O03318,26252
Q03319,O03319,101396
Q03320,O03320,27790
Q03321,O03321,205482
Q03322,O03322,141917
Q03323,O03323,39120
Q03324,O03324,129917
Q03325,O03325,215975
Q03326,O03326,198334
Q03327,O03327,114342
Q03328,O03328,277651
Q03329,O03329,77159
Q03330,O03330,204892
Q03331,O03331,79692
Q03332,O03332,67598
Q03333,O03333,143390
Q03334,O03334,17099
Q03335,O03335,90439
Q03336,O03336,271335
Q03337,O03337,207347
Q03338,O03338,16551
Q03339,O03339,87859
Q03340,O03340,64943
Q03341,O03341,77768
Q03342,O03342,154101
Q03343,O03343,224707
Q03344,O03344,156621
Q03345,O03345,20614
Q03346,O03346,41075
Q03347,O03347,119596
Q03348,O03348,33011
Q03349,O03349,18110
Q03350,O03350,253253
Q03351,O03351,261585
Q03352,O03352,281372
Q03353,O03353,90760
Q03354,O03354,134867
Q03355,O03355,37353
Q03356,O03356,62945
Q03357,O03357,93982
Q03358,O03358,81583
Q03359,O03359,220213
Q03360,O03360,170616
Q03361,O03361,163656
Q03362,O03362,50125
Q03363,O03363,12573
Q03364,O03364,154013
Q03365,O03365,280174
Q03366,O03366,292617
Q03367,O03367,289294
Q03368,O03368,235999
Q03369,O03369,293007
Q03370,O03370,198569
Q03371,O03371,144228
Q03372,O03372,217665
Q03373,O03373,198126
Q03374,O03374,149707
Q03375,O03375,204022
Q03376,O03376,105140
Q03377,O03377,86293
Q03378,O03378,118227
Q03379,O03379,51510
Q03380,O03380,181957
Q03381,O03381,210309
Q03382,O03382,141691
Q03383,O03383,127658
Q03384,O03384,68495
Q03385,O03385,44955
Q03386,O03386,288511
Q03387,O03387,244630
Q03388,O03388,98190
Q03389,O03389,295100
Q03390,O03390,296040
Q03391,O03391,148784
Q03392,O03392,191156
Q03393,O03393,144501
Q03394,O03394,100585
Q03395,O03395,286126
Q03396,O03396,33273
Q03397,O03397,116329
Q03398,O03398,267673
Q03399,O03399,117747
Q03400,O03400,238190
Q03401,O03401,286639
Q03402,O03402,193992
Q03403,O03403,39368
Q03404,O03404,159665
Q03405,O03405,263696
Q03406,O03406,206889
Q03407,O03407,295505
Q03408,O03408,33947
Q03409,O03409,293313
Q03410,O03410,115640
Q03411,O03411,256219
Q03412,O03412,198519
Q03413,O03413,293259
Q03414,O03414,284230
Q03415,O03415,176686
Q03416,O03416,76961
Q03417,O03417,126140
Q03418,O03418,298517
Q03419,O03419,56536
Q03420,O03420,299335
Q03421,O03421,95306
Q03422,O03422,171862
Q03423,O03423,186794
Q03424,O03424,45582
Q03425,O03425,92146
Q03426,O03426,111728
Q03427,O03427,187320
Q03428,O03428,212578
Q03429,O03429,236386
Q03430,O03430,200212
Q03431,O03431,186426
Q03432,O03432,142260
Q03433,O03433,164684
Q03434,O03434,270780
Q03435,O03435,34191
Q03436,O03436,134235
Q03437,O03437,26773
Q03438,O03438,94237
Q03439,O03439,126527
Q03440,O03440,90079
Q03441,O03441,191396
Q03442,O03442,237193
Q03443,O03443,83406
Q03444,O03444,103617
Q03445,O03445,261735
Q03446,O03446,38234
Q03447,O03447,53404
Q03448,O03448,105746
Q03449,O03449,137272
Q03450,O03450,230703
Q03451,O03451,147626
Q03452,O03452,173990
Q03453,O03453,123142
Q03454,O03454,206385
Q03455,O03455,107752
Q03456,O03456,181361
Q03457,O03457,206207
Q03458,O03458,265704
Q03459,O03459,256358
Q03460,O03460,180774
Q03461,O03461,183645
Q03462,O03462,47525
Q03463,O03463,265657
Q03464,O03464,65569
Q03465,O03465,126440
Q03466,O03466,296812
Q03467,O03467,38308
Q03468,O03468,272907
Q03469,O03469,196076
Q03470,O03470,76656
Q03471,O03471,231438
Q03472,O03472,272156
Q03473,O03473,136345
Q03474,O03474,87245
Q03475,O03475,276270
Q03476,O03476,159760
Q03477,O03477,186551
Q03478,O03478,184214
Q03479,O03479,118391
Q03480,O03480,93109
Q03481,O03481,229518
Q03482,O03482,151655
Q03483,O03483,279323
Q03484,O03484,206931
Q03485,O03485,107211
Q03486,O03486,18393
Q03487,O03487,19875
Q03488,O03488,97132
Q03489,O03489,60876
Q03490,O03490,175491
Q03491,O03491,251060
Q03492,O03492,38359
Q03493,O03493,63513
Q03494,O03494,212255
Q03495,O03495,50250
Q03496,O03496,103975
Q03497,O03497,282984
Q03498,O03498,45733
Q03499,O03499,290455
Q03500,O03500,43109
