UserID,SalesRep,Region
U001,Rep1,APJ
U002,Rep2,APJ
U003,Rep3,APJ
U004,Rep4,APJ
U005,Rep5,APJ
U006,Rep6,APJ
U007,Rep7,EMEA
U008,Rep8,AMER
U009,Rep9,AMER
U010,Rep10,AMER
U011,Rep11,AMER
U012,Rep12,APJ
U013,Rep13,AMER
U014,Rep14,APJ
U015,Rep15,APJ
U016,Rep16,AMER
U017,Rep17,APJ
U018,Rep18,EMEA
U019,Rep19,EMEA
U020,Rep20,AMER
U021,Rep21,AMER
U022,Rep22,EMEA
U023,Rep23,EMEA
U024,Rep24,EMEA
U025,Rep25,APJ
U026,Rep26,APJ
U027,Rep27,EMEA
U028,Rep28,AMER
U029,Rep29,APJ
U030,Rep30,AMER
U031,Rep31,AMER
U032,Rep32,EMEA
U033,Rep33,AMER
U034,Rep34,AMER
U035,Rep35,EMEA
U036,Rep36,APJ
U037,Rep37,AMER
U038,Rep38,AMER
U039,Rep39,AMER
U040,Rep40,AMER
U041,Rep41,APJ
U042,Rep42,AMER
U043,Rep43,AMER
U044,Rep44,APJ
U045,Rep45,AMER
U046,Rep46,AMER
U047,Rep47,EMEA
U048,Rep48,EMEA
U049,Rep49,AMER
U050,Rep50,EMEA
U051,Rep51,APJ
U052,Rep52,EMEA
U053,Rep53,EMEA
U054,Rep54,EMEA
U055,Rep55,APJ
U056,Rep56,AMER
U057,Rep57,AMER
U058,Rep58,APJ
U059,Rep59,AMER
U060,Rep60,AMER
